/*******************************************************************************
 * Size: 16 px
 * Bpp: 4
 * Opts: --font managed_components/lvgl__lvgl/scripts/built_in_font/SourceHanSansSC-Normal.otf --format lvgl --size 16 --bpp 4 -r 0x20-0x7E --symbols °·●、与中串乐互交件会体信充光入击制助口可同后向启固备天奶媒定客已常开待态息户手打指据接控摸播放数断新方无时显晰暂最未概次正步消清源满点片状用电留盈知示稳端等系统置聊背览触设询轮轻载近这连里针钟间随音页顺预频首， --force-fast-kern-format --lv-include lvgl.h -o src/ui/assets/lv_font_ui_16.c
 ******************************************************************************/

#ifdef LV_LVGL_H_INCLUDE_SIMPLE
#include "lvgl.h"
#else
#include "lvgl.h"
#endif

#ifndef LV_FONT_UI_16
#define LV_FONT_UI_16 1
#endif

#if LV_FONT_UI_16

/*-----------------
 *    BITMAPS
 *----------------*/

/*Store the image of the glyphs*/
static LV_ATTRIBUTE_LARGE_CONST const uint8_t glyph_bitmap[] = {
    /* U+0020 " " */

    /* U+0021 "!" */
    0x2f, 0x23, 0x0, 0xc6, 0x1, 0x8, 0x8, 0x7,
    0xf9, 0x80, 0x12, 0x9, 0xe8, 0xe2, 0xe0,

    /* U+0022 "\"" */
    0x8d, 0x8, 0xd0, 0x10, 0x0, 0xfb, 0x87, 0xb9,
    0x8, 0x11, 0x1f, 0x81, 0xf4,

    /* U+0023 "#" */
    0x0, 0xb4, 0x1, 0x64, 0x1, 0x13, 0x0, 0x18,
    0x80, 0x26, 0x30, 0xf, 0x7d, 0xbf, 0xf8, 0xbc,
    0xc3, 0xde, 0xbf, 0x17, 0xcc, 0x0, 0x4c, 0xc,
    0x40, 0x19, 0x88, 0xb, 0x80, 0xb, 0xc7, 0xdc,
    0x89, 0xd0, 0x5e, 0x2f, 0xe5, 0xdd, 0x0, 0x4,
    0x40, 0x6, 0x30, 0x8, 0x98, 0x0, 0x22, 0x0,
    0x98, 0x80, 0x3c,

    /* U+0024 "$" */
    0x0, 0xda, 0x1, 0xf1, 0x0, 0x73, 0x70, 0x74,
    0x0, 0xe, 0x6f, 0xf5, 0xc, 0x2c, 0xd4, 0xf,
    0xc, 0x3c, 0x40, 0x3c, 0xa5, 0x20, 0x1c, 0x56,
    0xfc, 0xa0, 0x19, 0x39, 0xea, 0x40, 0x3a, 0x6d,
    0x98, 0x1, 0xc8, 0x8c, 0x0, 0xf0, 0x80, 0x31,
    0xc4, 0x9, 0x7c, 0x3e, 0xfb, 0x9a, 0xea, 0x7,
    0x9c, 0x3f, 0x0, 0x18, 0x40, 0x30,

    /* U+0025 "%" */
    0x3, 0xcd, 0x90, 0xc, 0x76, 0x1, 0xb7, 0xb4,
    0xdc, 0x2, 0x89, 0x0, 0x8c, 0x88, 0x13, 0x60,
    0x4, 0x12, 0x0, 0x99, 0x80, 0x1, 0x10, 0x2,
    0x2c, 0x3, 0x33, 0x0, 0xc, 0x20, 0xa8, 0x17,
    0xb0, 0x6, 0x26, 0x1f, 0x41, 0x13, 0x5b, 0xa2,
    0x60, 0xf8, 0xc3, 0x67, 0xa0, 0x56, 0x9, 0xa0,
    0x2b, 0xc8, 0x1a, 0x72, 0x20, 0x0, 0x88, 0x1,
    0xd3, 0x60, 0x1f, 0xf0, 0xa3, 0x1, 0x10, 0x0,
    0x44, 0x0, 0xd1, 0x20, 0x1, 0x55, 0x4, 0xd8,
    0x4, 0x4a, 0xa0, 0xa, 0xa7, 0x4d, 0xc0,

    /* U+0026 "&" */
    0x0, 0xab, 0xb4, 0xc0, 0x3d, 0x3, 0xd7, 0xc0,
    0x1e, 0x4e, 0x4, 0x30, 0xf, 0x39, 0x85, 0x38,
    0x7, 0xb3, 0x64, 0xe4, 0x3, 0xc6, 0x87, 0x60,
    0x13, 0x8, 0x2d, 0x2a, 0x8, 0x1, 0x20, 0x45,
    0x57, 0x49, 0x40, 0xe, 0x60, 0x40, 0x50, 0xa7,
    0xb4, 0x44, 0x80, 0x80, 0x80, 0x31, 0xee, 0x44,
    0x10, 0xb4, 0xc9, 0x88, 0xe2, 0x2, 0x18, 0xdb,
    0x9b, 0x59, 0x68, 0xa0,

    /* U+0027 "'" */
    0x8d, 0x1, 0xf7, 0x21, 0x7e,

    /* U+0028 "(" */
    0x0, 0xf4, 0x30, 0xb, 0x30, 0x19, 0x80, 0xa,
    0xb0, 0x12, 0x30, 0x53, 0x0, 0x13, 0x0, 0x4,
    0xc0, 0x3c, 0x26, 0x0, 0x26, 0x0, 0x29, 0x80,
    0x4, 0x8c, 0x1, 0x54, 0x0, 0x33, 0x80, 0x5,
    0x98, 0x0, 0x86,

    /* U+0029 ")" */
    0x1, 0x0, 0x16, 0x0, 0x9, 0xd4, 0x1, 0xd2,
    0x0, 0x42, 0x20, 0x1, 0x10, 0x0, 0xdf, 0x0,
    0x11, 0x0, 0x2, 0xe0, 0x1, 0x0, 0x8d, 0xc0,
    0x1c, 0x40, 0x3, 0xc0, 0x2, 0xb8, 0x21, 0x10,
    0x3e, 0x40, 0x9d, 0x40, 0xb0, 0x0,

    /* U+002A "*" */
    0x0, 0x60, 0x80, 0x14, 0xc5, 0x18, 0xf, 0x8a,
    0xf8, 0x59, 0x48, 0xe0, 0x41, 0x31, 0x14, 0x1,
    0x83, 0x2a, 0x0,

    /* U+002B "+" */
    0x0, 0xc4, 0x1, 0xf1, 0x60, 0x7, 0xff, 0x29,
    0xbf, 0xda, 0x3f, 0xf1, 0x37, 0xfb, 0x47, 0xfe,
    0x20, 0xf, 0xfe, 0x78,

    /* U+002C "," */
    0x7, 0xc1, 0xf, 0x34, 0x8, 0x31, 0x5, 0x4,
    0xf, 0xc0,

    /* U+002D "-" */
    0x3e, 0xea, 0xcf, 0xfe, 0xa0,

    /* U+002E "." */
    0x0, 0xab, 0x80, 0x8c, 0x0,

    /* U+002F "/" */
    0x0, 0xee, 0x0, 0xe5, 0x70, 0xe, 0xfd, 0x0,
    0xe4, 0x40, 0x6, 0x45, 0x0, 0xed, 0xd0, 0x7,
    0x3b, 0x80, 0x31, 0x90, 0x80, 0x6b, 0xb0, 0x7,
    0x2a, 0x80, 0x31, 0x1, 0x0, 0x64, 0x50, 0xe,
    0xdb, 0x0, 0xc2, 0xa6, 0x1, 0x91, 0xc0, 0x3b,
    0xf4, 0x3, 0x80,

    /* U+0030 "0" */
    0x0, 0x26, 0x75, 0x90, 0x0, 0xee, 0xb0, 0xb0,
    0x1, 0x4a, 0xc5, 0x26, 0xc0, 0xde, 0x1, 0x2e,
    0x80, 0x1c, 0x2, 0xe6, 0x20, 0x30, 0x8, 0xc8,
    0x3, 0xe1, 0x20, 0x30, 0x8, 0xcc, 0x2, 0xe0,
    0x17, 0x30, 0x3f, 0x80, 0x4b, 0xa1, 0x6a, 0xe5,
    0x26, 0xc0, 0x57, 0x6c, 0x2c, 0x0,

    /* U+0031 "1" */
    0x5, 0x9f, 0x50, 0xb, 0xcc, 0x3, 0xaa, 0x82,
    0x1, 0xff, 0xe8, 0x11, 0xc6, 0x22, 0x9e, 0xe0,
    0x4f, 0x50,

    /* U+0032 "2" */
    0x1, 0x9d, 0xea, 0x10, 0x1f, 0xe, 0xd1, 0xc0,
    0x1d, 0x93, 0x35, 0x11, 0x81, 0x80, 0x42, 0x26,
    0x0, 0xe1, 0x13, 0x0, 0x73, 0x89, 0x80, 0x74,
    0x40, 0x3, 0xa8, 0x98, 0x3, 0x42, 0x68, 0x6,
    0x76, 0xd1, 0x0, 0xa2, 0x14, 0x42, 0x32, 0x38,
    0x5f, 0x76,

    /* U+0033 "3" */
    0x1, 0x9d, 0xfc, 0x30, 0x6, 0x87, 0x63, 0x61,
    0x6, 0x49, 0x9a, 0x85, 0x0, 0x3c, 0x26, 0x1,
    0x8a, 0x91, 0x40, 0x5, 0xfa, 0x36, 0x1, 0x16,
    0xd8, 0x68, 0x80, 0x44, 0x96, 0xd6, 0x1, 0xec,
    0x70, 0x30, 0xd, 0xac, 0x79, 0x8, 0x50, 0xbe,
    0x78, 0x53, 0xa9, 0x68,

    /* U+0034 "4" */
    0x0, 0xc3, 0xd4, 0x1, 0xe8, 0x10, 0xf, 0x1b,
    0x30, 0x3, 0xdc, 0xe2, 0x1, 0xcc, 0x70, 0x1,
    0xc3, 0x34, 0x1, 0xeb, 0x54, 0x0, 0xe3, 0x5b,
    0x0, 0xf4, 0x87, 0xf7, 0x1d, 0x78, 0xef, 0xbf,
    0xe6, 0x4f, 0x31, 0x1f, 0xc0, 0x1f, 0xe0,

    /* U+0035 "5" */
    0x4, 0xff, 0xe5, 0x1, 0x17, 0x76, 0x50, 0x32,
    0x11, 0xc0, 0x1, 0x70, 0xf, 0x7b, 0xd6, 0xda,
    0x0, 0x35, 0x67, 0x8a, 0xcc, 0x16, 0x4c, 0xd2,
    0x90, 0x1, 0xec, 0x60, 0xf, 0xe2, 0x0, 0xd6,
    0x88, 0xd8, 0x33, 0x51, 0x42, 0x61, 0xee, 0x87,
    0x4,

    /* U+0036 "6" */
    0x0, 0xa3, 0x7a, 0xc8, 0x2, 0xc3, 0x9c, 0xc2,
    0x80, 0x14, 0x6d, 0x9, 0xdc, 0x0, 0xeb, 0x0,
    0xf9, 0xa, 0x7b, 0x5c, 0x3, 0x4f, 0xfb, 0xa5,
    0xc0, 0x28, 0x61, 0x38, 0xa0, 0x8, 0x40, 0x25,
    0x20, 0x1, 0x18, 0x7, 0xd5, 0x40, 0x9, 0xc,
    0x0, 0xc7, 0x24, 0x91, 0x0, 0x0, 0xf9, 0x64,
    0xd2, 0x0,

    /* U+0037 "7" */
    0x3f, 0xff, 0x80, 0xfb, 0xb8, 0xd8, 0x0, 0x23,
    0x94, 0xa4, 0x3, 0xd3, 0x60, 0x1e, 0x43, 0x50,
    0xf, 0x7b, 0x0, 0x7c, 0x96, 0x1, 0xe3, 0x3,
    0x0, 0xf2, 0x10, 0x7, 0xdc, 0xc0, 0x1f, 0x18,
    0x80, 0x7c, 0xc6, 0x1, 0x80,

    /* U+0038 "8" */
    0x0, 0x2e, 0xfe, 0xa8, 0x4, 0x95, 0x3f, 0x14,
    0x60, 0xd, 0x64, 0x5, 0x6b, 0x0, 0x9, 0x80,
    0x7d, 0x48, 0x80, 0x2, 0x58, 0x0, 0xae, 0xea,
    0xb3, 0x0, 0x1c, 0x59, 0xae, 0x0, 0x5b, 0x9,
    0x1c, 0xd4, 0x6, 0x2a, 0x0, 0x19, 0x50, 0x10,
    0x10, 0xc, 0x20, 0x49, 0xa6, 0x7, 0xc, 0x0,
    0xb4, 0xef, 0xea, 0x80,

    /* U+0039 "9" */
    0x0, 0x47, 0x72, 0x40, 0x2a, 0x4c, 0xc1, 0xe0,
    0xa, 0xf1, 0x12, 0x85, 0x48, 0x8, 0x2, 0x5f,
    0x10, 0x10, 0xb, 0xd8, 0x8e, 0x84, 0x4f, 0x24,
    0x1a, 0x3f, 0x81, 0x26, 0x3, 0x5d, 0xaf, 0xec,
    0x1, 0xe4, 0x30, 0xe, 0x33, 0x48, 0x5b, 0x92,
    0xeb, 0x88, 0x46, 0x6c, 0x44, 0x0,

    /* U+003A ":" */
    0x8d, 0x2, 0x30, 0xae, 0x0, 0xff, 0xe0, 0xd7,
    0x1, 0x18, 0x0,

    /* U+003B ";" */
    0x8, 0xd0, 0x1, 0x18, 0x2, 0xb8, 0x3, 0xff,
    0x8c, 0xf8, 0x21, 0xe6, 0x81, 0x6, 0x20, 0xa0,
    0x81, 0xf8, 0x0,

    /* U+003C "<" */
    0x0, 0xf9, 0x44, 0x3, 0x14, 0x74, 0x0, 0x4b,
    0x78, 0x3b, 0xa1, 0x3e, 0xed, 0x26, 0x1, 0x1b,
    0x98, 0x7, 0x1e, 0xc6, 0x75, 0x18, 0x6, 0x4a,
    0xfd, 0xd8, 0x40, 0x30, 0xbf, 0x48, 0x0,

    /* U+003D "=" */
    0x6f, 0xff, 0x89, 0xbf, 0xfe, 0x20, 0xf, 0xfe,
    0x33, 0x7f, 0xfc, 0x40,

    /* U+003E ">" */
    0x33, 0x0, 0x7e, 0xdd, 0x30, 0x80, 0x63, 0xe9,
    0xce, 0xa3, 0x0, 0xc9, 0x5d, 0x9d, 0xa2, 0x1,
    0xc2, 0x2, 0x1, 0x2d, 0xff, 0x73, 0x5, 0x3a,
    0x77, 0xa4, 0xc0, 0xf, 0xb8, 0xc0, 0x1c,

    /* U+003F "?" */
    0x3, 0xbe, 0xd6, 0x1, 0xed, 0xcb, 0x94, 0x1d,
    0x62, 0x63, 0xd0, 0xe, 0x2f, 0x0, 0xcc, 0xc,
    0x1, 0x1c, 0xe8, 0x6, 0xf8, 0x30, 0x8, 0x4d,
    0x80, 0x30, 0xd0, 0x80, 0x72, 0x80, 0x72, 0x7a,
    0x0, 0x67, 0x17, 0x0, 0x0,

    /* U+0040 "@" */
    0x0, 0xe6, 0xce, 0xe6, 0x40, 0x80, 0x78, 0xb3,
    0xfd, 0xdd, 0x7f, 0x90, 0x3, 0x16, 0x44, 0x98,
    0x0, 0x9f, 0x68, 0x40, 0x2e, 0xb4, 0x0, 0xf1,
    0xb4, 0x80, 0x1d, 0x94, 0x0, 0xf9, 0x74, 0x81,
    0x48, 0x0, 0xb9, 0x0, 0x4f, 0x64, 0x2a, 0x80,
    0x88, 0x0, 0x33, 0x1, 0x3c, 0x81, 0x8, 0x80,
    0x30, 0x88, 0x0, 0xae, 0x0, 0x55, 0x0, 0x4,
    0xc0, 0x44, 0x0, 0xf1, 0x0, 0x19, 0x0, 0x1d,
    0x40, 0x6, 0x60, 0xd4, 0x3, 0xb2, 0x3, 0xa8,
    0x0, 0x24, 0x82, 0xa6, 0x56, 0x1e, 0x4e, 0x80,
    0x50, 0xea, 0x11, 0x92, 0x11, 0x94, 0x20, 0x1b,
    0xe2, 0x8c, 0x40, 0x54, 0x80, 0x3c, 0x5b, 0x93,
    0x9d, 0xa4, 0x60, 0x18,

    /* U+0041 "A" */
    0x0, 0x87, 0xec, 0x3, 0xe7, 0x44, 0x0, 0x7d,
    0x5c, 0x6a, 0x1, 0xc2, 0x6b, 0x7c, 0x1, 0xce,
    0x80, 0xa8, 0x1, 0xd5, 0xa0, 0x44, 0x50, 0x8,
    0x4d, 0xc0, 0xb, 0xc0, 0x13, 0x87, 0xf7, 0x1d,
    0x4, 0x1, 0x4f, 0xff, 0x68, 0xa0, 0x9, 0xd0,
    0x8c, 0x4f, 0xc0, 0xe4, 0x40, 0xd, 0x88, 0x34,
    0xa0, 0x1c, 0xa0, 0xe0,

    /* U+0042 "B" */
    0x5f, 0xfd, 0xae, 0x1, 0xbf, 0xb9, 0x13, 0x20,
    0xc, 0x22, 0x58, 0x70, 0xf, 0x8c, 0xc0, 0x1e,
    0x38, 0xa0, 0xb, 0xb9, 0xf8, 0xee, 0x0, 0xbf,
    0xdb, 0x63, 0xa2, 0x0, 0x11, 0x12, 0x58, 0x48,
    0x7, 0xce, 0x40, 0x1f, 0x3e, 0x80, 0x4, 0x64,
    0xb3, 0x60, 0x7, 0x75, 0x25, 0xe2,

    /* U+0043 "C" */
    0x0, 0x8e, 0xbb, 0x94, 0x40, 0x13, 0x61, 0xdd,
    0x1e, 0x8, 0x14, 0xcc, 0xa9, 0x3e, 0x21, 0x6,
    0xc0, 0x18, 0x40, 0xf, 0x60, 0x1f, 0x88, 0x80,
    0x1f, 0xfc, 0x62, 0x20, 0x7, 0xe7, 0xb0, 0xf,
    0xd0, 0x6c, 0x1, 0x8c, 0x0, 0x51, 0x32, 0x44,
    0x4e, 0x18, 0x1, 0xec, 0xaa, 0x87, 0x86,

    /* U+0044 "D" */
    0x5f, 0xfb, 0x68, 0xc0, 0x37, 0x6c, 0x9e, 0x30,
    0x4, 0x24, 0x93, 0x31, 0x0, 0x79, 0x8a, 0xc0,
    0x3e, 0x55, 0x0, 0x7d, 0xc4, 0x1, 0xf0, 0x80,
    0x7e, 0xe2, 0x0, 0xf9, 0x14, 0x3, 0xce, 0x50,
    0x0, 0x12, 0x5a, 0x89, 0x10, 0x7, 0x6c, 0x6,
    0x30, 0x0,

    /* U+0045 "E" */
    0x5f, 0xff, 0x20, 0x3, 0xbb, 0x90, 0x0, 0x23,
    0xc0, 0x1f, 0xfc, 0x7f, 0xfc, 0xe0, 0x16, 0xee,
    0x60, 0x8, 0x8b, 0x8, 0x7, 0xff, 0x1c, 0x8b,
    0x84, 0x1, 0xbb, 0xcc,

    /* U+0046 "F" */
    0x5f, 0xff, 0x20, 0x3, 0xbb, 0x90, 0x0, 0x23,
    0xc0, 0x1f, 0xfc, 0x7f, 0xfc, 0xe0, 0x16, 0xee,
    0x60, 0x8, 0x8b, 0x8, 0x7, 0xff, 0x54,

    /* U+0047 "G" */
    0x0, 0x8a, 0xb7, 0xad, 0x40, 0x26, 0xd0, 0x8a,
    0xcb, 0x50, 0x19, 0x8a, 0x54, 0x7f, 0x50, 0x82,
    0x70, 0xc, 0x20, 0x4, 0x50, 0xf, 0xc5, 0xa0,
    0x1f, 0xfc, 0x1f, 0xfa, 0xc0, 0x88, 0x1, 0x6e,
    0x98, 0x0, 0xf4, 0x1, 0x11, 0x38, 0x1, 0x4,
    0xc0, 0x1f, 0x14, 0xca, 0x94, 0xda, 0x84, 0x0,
    0xd8, 0x11, 0xb5, 0x50,

    /* U+0048 "H" */
    0x5f, 0x0, 0xe6, 0xe0, 0xf, 0xfe, 0xd7, 0xff,
    0x48, 0x5, 0xbb, 0xd0, 0x1, 0x11, 0x70, 0x80,
    0x7f, 0xf6, 0x40,

    /* U+0049 "I" */
    0x5f, 0x0, 0xff, 0xe5, 0x0,

    /* U+004A "J" */
    0x0, 0xe6, 0xe0, 0xf, 0xff, 0x50, 0x98, 0x20,
    0x5, 0xac, 0x55, 0x26, 0xcb, 0xc5, 0xa7, 0xb7,
    0xa,

    /* U+004B "K" */
    0x5f, 0x0, 0xcb, 0xe6, 0x1, 0xe3, 0xaa, 0x18,
    0x7, 0xe, 0xba, 0x80, 0x7b, 0x56, 0x0, 0x3d,
    0x47, 0x40, 0x1e, 0x75, 0x16, 0x0, 0xf4, 0x54,
    0x48, 0x80, 0x74, 0x2b, 0x1c, 0x0, 0x73, 0x80,
    0x25, 0x88, 0x3, 0xe4, 0x44, 0x80, 0x7e, 0x84,
    0x40, 0x7, 0xc6, 0xd2, 0x0,

    /* U+004C "L" */
    0x5f, 0x0, 0xff, 0xff, 0x80, 0x71, 0x17, 0x0,
    0x5b, 0xbc, 0x40,

    /* U+004D "M" */
    0x5f, 0x60, 0xe, 0x9f, 0x30, 0x5, 0x0, 0x73,
    0x80, 0x48, 0x44, 0x0, 0x90, 0x84, 0x0, 0xee,
    0x50, 0xb, 0x6c, 0x3, 0x6d, 0x0, 0x4e, 0xc2,
    0x0, 0x14, 0x32, 0x5, 0x50, 0x80, 0x73, 0xd0,
    0x7e, 0x80, 0x7a, 0x94, 0x11, 0xc0, 0x3c, 0x61,
    0x8, 0x20, 0x1f, 0x53, 0xf8, 0x7, 0xe5, 0x45,
    0x0, 0xfc, 0x56, 0x1, 0xc0,

    /* U+004E "N" */
    0x5f, 0x40, 0xc, 0xda, 0x0, 0x90, 0xf, 0x8c,
    0x58, 0x3, 0xe8, 0x80, 0x7, 0x85, 0xa, 0x0,
    0x38, 0xc3, 0xdc, 0x80, 0x3c, 0x6b, 0x0, 0x1f,
    0x5a, 0xa1, 0x80, 0x70, 0xc4, 0x4, 0x3, 0xce,
    0x5a, 0x1, 0xf5, 0xb0, 0x7, 0xca, 0x60,

    /* U+004F "O" */
    0x0, 0x92, 0xfb, 0x68, 0x80, 0x33, 0xd9, 0xd4,
    0x6, 0xa0, 0x0, 0xa2, 0xa1, 0x16, 0x9e, 0x80,
    0x10, 0x6a, 0x1, 0xa0, 0x58, 0x1e, 0xc0, 0x3c,
    0x98, 0x4, 0x40, 0xf, 0x13, 0x0, 0x7f, 0xf0,
    0x8, 0x80, 0x1e, 0x25, 0x7, 0xb0, 0xe, 0x14,
    0xf0, 0x83, 0x60, 0xd, 0x2, 0xc0, 0x51, 0x32,
    0x45, 0xa6, 0xa0, 0x9, 0xec, 0xaa, 0x3, 0x50,
    0x0,

    /* U+0050 "P" */
    0x5f, 0xfb, 0xb5, 0xc0, 0x37, 0x73, 0x2e, 0x68,
    0x2, 0x11, 0x13, 0x52, 0x80, 0x7c, 0xc0, 0x40,
    0x1e, 0x60, 0x20, 0xe, 0x49, 0x60, 0xb, 0xfe,
    0xa5, 0x90, 0xb, 0x75, 0xdc, 0x80, 0xc, 0x44,
    0x10, 0xf, 0xfe, 0x98,

    /* U+0051 "Q" */
    0x0, 0x92, 0xfb, 0x68, 0x80, 0x39, 0xec, 0xaa,
    0x3, 0x50, 0x2, 0x28, 0x99, 0x22, 0xd3, 0x50,
    0x5, 0x64, 0xc0, 0x1a, 0x5, 0x80, 0x8, 0xa0,
    0x1c, 0x29, 0xe0, 0x2, 0xd0, 0xf, 0x11, 0x0,
    0x3f, 0xc2, 0xe0, 0x1, 0x20, 0xf, 0x13, 0x0,
    0x17, 0x40, 0x3c, 0xe4, 0x0, 0xe5, 0x10, 0xc,
    0xa5, 0x20, 0x5, 0x3c, 0x10, 0x1, 0xdb, 0x8,
    0x5, 0x8d, 0xd9, 0xb8, 0xd2, 0x1, 0xd7, 0xce,
    0x7d, 0x0, 0x1f, 0xc, 0x85, 0x18, 0x7, 0xe2,
    0xc0, 0xcf, 0xe0, 0xf, 0x8a, 0xff, 0x78, 0x0,

    /* U+0052 "R" */
    0x5f, 0xfd, 0xb0, 0x1, 0xbb, 0x9b, 0xb, 0x40,
    0x10, 0x88, 0x96, 0x54, 0x40, 0x3c, 0xa0, 0x40,
    0x1e, 0x50, 0x20, 0xe, 0x39, 0x51, 0x0, 0x77,
    0x3f, 0x12, 0x80, 0x2f, 0xf2, 0x94, 0x80, 0x61,
    0x15, 0x9b, 0x80, 0x78, 0x62, 0x2, 0x1, 0xe6,
    0x3b, 0x0, 0xfb, 0xd5, 0x0,

    /* U+0053 "S" */
    0x0, 0x1d, 0xf7, 0x28, 0x80, 0x5, 0x83, 0x74,
    0x7a, 0x41, 0x47, 0x4a, 0x93, 0xc4, 0x0, 0x10,
    0xc, 0x20, 0xb, 0x2a, 0x20, 0xe, 0x3c, 0x6d,
    0xa3, 0x0, 0xc7, 0x96, 0x39, 0x20, 0x1c, 0x97,
    0x66, 0x70, 0xf, 0x22, 0xe0, 0x30, 0x80, 0x66,
    0x20, 0xaf, 0x74, 0x45, 0x1d, 0x86, 0x4e, 0x55,
    0x3, 0x48,

    /* U+0054 "T" */
    0x7f, 0xff, 0xc0, 0xfd, 0xd0, 0xc7, 0x74, 0x0,
    0x11, 0x80, 0x47, 0x0, 0x7f, 0xff, 0xc0, 0x3f,
    0xf8, 0x80,

    /* U+0055 "U" */
    0x6e, 0x0, 0xe6, 0xd0, 0xf, 0xff, 0x51, 0x88,
    0x7, 0x8, 0x98, 0x4, 0x3, 0x73, 0x18, 0xb0,
    0x6, 0x7d, 0x8, 0x88, 0xd7, 0xd, 0xc1, 0xa9,
    0x32, 0xd7, 0x0,

    /* U+0056 "V" */
    0xd9, 0x0, 0xe6, 0xe0, 0xa4, 0x0, 0xed, 0x70,
    0x52, 0x20, 0x6, 0x4d, 0x2, 0x22, 0x80, 0x48,
    0x8, 0x0, 0x5c, 0x0, 0xb5, 0x40, 0x2b, 0x40,
    0x9, 0xfc, 0x2, 0x31, 0x50, 0x21, 0x50, 0xc,
    0xfe, 0xa, 0x80, 0x1d, 0xa8, 0x17, 0xa0, 0x1c,
    0x82, 0x86, 0xe0, 0x1e, 0x59, 0x31, 0x0, 0xf7,
    0x95, 0x80, 0x60,

    /* U+0057 "W" */
    0x7e, 0x0, 0xd7, 0x60, 0xd, 0xcc, 0x82, 0x20,
    0x9, 0x10, 0x1, 0x8, 0x90, 0xc1, 0x40, 0x6,
    0x62, 0x30, 0x2, 0x81, 0x1, 0x18, 0x1, 0x15,
    0x10, 0x0, 0x33, 0x0, 0x13, 0x40, 0x19, 0x8f,
    0xc0, 0x6, 0xa0, 0x3, 0xdc, 0x0, 0x89, 0x80,
    0xf, 0xa0, 0x5, 0x20, 0x32, 0x12, 0x14, 0x12,
    0x70, 0x1, 0x81, 0xa2, 0x0, 0x8, 0x64, 0x4,
    0x1, 0x1a, 0xee, 0x0, 0x33, 0xa, 0x80, 0x19,
    0x7d, 0x10, 0x0, 0x45, 0xf3, 0x0, 0xd8, 0xe0,
    0x20, 0x2, 0x7, 0xd0, 0xc, 0xe2, 0x80, 0x19,
    0x5, 0xc0, 0x0,

    /* U+0058 "X" */
    0x3f, 0x30, 0x8, 0xbc, 0xcc, 0xbe, 0x1, 0x42,
    0x18, 0x41, 0xa0, 0x12, 0xc8, 0x0, 0x9e, 0x2,
    0x58, 0x80, 0x29, 0x28, 0x48, 0x0, 0xc3, 0x2e,
    0xe1, 0x0, 0xed, 0x2, 0x0, 0xe3, 0x5c, 0x53,
    0x0, 0xde, 0xe6, 0xde, 0x1, 0x29, 0x40, 0x41,
    0xa8, 0x2, 0x24, 0x0, 0x2f, 0x0, 0xe6, 0xe0,
    0x14, 0x1b, 0x80,

    /* U+0059 "Y" */
    0xca, 0x0, 0xc7, 0xe5, 0xa, 0x20, 0x14, 0x29,
    0x21, 0xc8, 0x0, 0x92, 0x0, 0x12, 0xc0, 0xb,
    0x52, 0x0, 0x29, 0xb0, 0xb4, 0x0, 0x68, 0xb9,
    0x42, 0x0, 0xca, 0xf, 0x0, 0x1e, 0x52, 0x30,
    0xf, 0x78, 0x7, 0xff, 0x50,

    /* U+005A "Z" */
    0x9, 0xff, 0xf6, 0x4, 0x77, 0x6b, 0x9, 0x1,
    0x1e, 0xf4, 0x50, 0xe, 0x54, 0xa0, 0xe, 0x1b,
    0x81, 0x0, 0xe8, 0x27, 0x0, 0xe3, 0x6f, 0x0,
    0xf7, 0x31, 0x80, 0x73, 0x9c, 0x80, 0x71, 0x45,
    0x80, 0x7b, 0x8d, 0xc8, 0xb0, 0x91, 0x9b, 0x77,
    0xb0,

    /* U+005B "[" */
    0x4e, 0xc9, 0x4, 0xc9, 0x0, 0xff, 0xf4, 0xbd,
    0xc8,

    /* U+005C "\\" */
    0xa5, 0x0, 0xef, 0xf0, 0x7, 0x2a, 0x0, 0x79,
    0x4c, 0x3, 0xb6, 0xc0, 0x39, 0xd4, 0x3, 0x84,
    0x44, 0x1, 0xd6, 0xa0, 0x1c, 0xb6, 0x1, 0xc4,
    0x22, 0x0, 0xe5, 0x70, 0xe, 0xcd, 0x0, 0xe4,
    0x50, 0xf, 0x22, 0x80, 0x77, 0xf8, 0x3, 0x95,
    0x0,

    /* U+005D "]" */
    0x6c, 0xd9, 0x6c, 0x80, 0xf, 0xff, 0x4a, 0xdc,
    0x88,

    /* U+005E "^" */
    0x0, 0x37, 0x90, 0x6, 0xa4, 0xa0, 0x8, 0x89,
    0x2c, 0x1, 0x53, 0x11, 0x14, 0x0, 0xd4, 0x15,
    0xc0, 0xa4, 0x40, 0x64, 0x1e, 0xa0, 0x9, 0x58,

    /* U+005F "_" */
    0xbe, 0xef, 0xa8,

    /* U+0060 "`" */
    0x0, 0xc7, 0x60, 0x2, 0x69, 0x1, 0xc4, 0x60,
    0x1c, 0x20,

    /* U+0061 "a" */
    0x0, 0x3e, 0x7e, 0xa8, 0x1, 0xb2, 0x36, 0xa8,
    0x40, 0xd6, 0x84, 0xe2, 0xa0, 0x10, 0xa3, 0x87,
    0x0, 0x2b, 0xf4, 0x48, 0x1, 0x61, 0xd2, 0xcc,
    0x0, 0x27, 0x0, 0x42, 0x0, 0x2f, 0x23, 0xb5,
    0x0, 0x73, 0xef, 0xfa, 0x40,

    /* U+0062 "b" */
    0x7c, 0x0, 0xff, 0xea, 0x25, 0xfe, 0x20, 0x0,
    0xe3, 0xf5, 0x2c, 0xc0, 0xb1, 0xa, 0x12, 0x40,
    0x40, 0x36, 0x38, 0x7, 0x84, 0xc0, 0x3d, 0xc4,
    0x2, 0x1, 0x99, 0x0, 0xa8, 0xcd, 0x61, 0x20,
    0xd9, 0xda, 0x3e, 0x20,

    /* U+0063 "c" */
    0x0, 0x15, 0x77, 0x24, 0x0, 0x5a, 0x1b, 0xa3,
    0x20, 0x94, 0xa3, 0x35, 0x10, 0x27, 0x0, 0x70,
    0x83, 0x0, 0x70, 0x83, 0x0, 0x78, 0xf8, 0x3,
    0xde, 0x92, 0x66, 0x96, 0x3, 0xc2, 0xde, 0x7,

    /* U+0064 "d" */
    0x0, 0xfb, 0xd4, 0x3, 0xff, 0xa2, 0x77, 0xfa,
    0xa2, 0x0, 0x2c, 0x2c, 0xee, 0x8, 0x2, 0x52,
    0x4c, 0xd6, 0x1, 0x27, 0x0, 0x78, 0x41, 0x80,
    0x3c, 0x20, 0xc0, 0x1f, 0x17, 0x80, 0x7d, 0xb,
    0x6, 0xba, 0x1, 0x2d, 0x2e, 0x77, 0xc, 0x0,

    /* U+0065 "e" */
    0x0, 0x15, 0xf6, 0xb0, 0x4, 0x5b, 0x98, 0x9b,
    0x60, 0x4, 0xb3, 0x92, 0x45, 0x80, 0x12, 0x80,
    0x24, 0x20, 0x10, 0xcf, 0xfb, 0x80, 0x44, 0x19,
    0xff, 0xc2, 0x9, 0x40, 0x1f, 0x4b, 0x41, 0x11,
    0x54, 0x0, 0x2d, 0x3c, 0xc7, 0x30, 0x0,

    /* U+0066 "f" */
    0x0, 0x2e, 0xe9, 0x40, 0x69, 0x79, 0x1, 0x42,
    0x4c, 0x40, 0x21, 0x0, 0x3d, 0x87, 0xf0, 0x3d,
    0x7, 0x78, 0x0, 0x40, 0x44, 0x1, 0xff, 0xd9,

    /* U+0067 "g" */
    0x0, 0x36, 0xff, 0xe8, 0x5, 0x8e, 0xf9, 0xd,
    0x80, 0xe6, 0x30, 0x63, 0x40, 0xf, 0xc6, 0x0,
    0xf6, 0x30, 0x62, 0x40, 0x2, 0x1f, 0xf6, 0xe0,
    0x80, 0x21, 0x73, 0xac, 0x80, 0x32, 0x10, 0x88,
    0x3, 0x51, 0xef, 0x73, 0xf0, 0x82, 0x65, 0xff,
    0x69, 0x58, 0xa3, 0x80, 0x44, 0xa2, 0x34, 0x8,
    0x1, 0xd6, 0x83, 0xf, 0xfb, 0x7b, 0x8,

    /* U+0068 "h" */
    0x7c, 0x0, 0xff, 0xea, 0x15, 0x76, 0xa0, 0x0,
    0xbf, 0x35, 0xa8, 0x2, 0xc6, 0x39, 0x13, 0x2,
    0x10, 0x1, 0x3, 0x80, 0x7f, 0xf7, 0x0,

    /* U+0069 "i" */
    0x8d, 0xe, 0x70, 0x6a, 0x0, 0xcf, 0x80, 0x1f,
    0xfc, 0xd0,

    /* U+006A "j" */
    0x0, 0x46, 0x80, 0x5c, 0xe0, 0x13, 0x50, 0x7,
    0xe7, 0xd0, 0xf, 0xff, 0x27, 0x88, 0x9, 0x2a,
    0x81, 0xb4, 0x60, 0x0,

    /* U+006B "k" */
    0x7c, 0x0, 0xff, 0xeb, 0xdd, 0x80, 0x3a, 0x1a,
    0x80, 0x32, 0x3f, 0x88, 0x4, 0x55, 0x4, 0x1,
    0xf, 0x1d, 0x80, 0x62, 0x6d, 0x26, 0x0, 0x86,
    0x82, 0xe0, 0x40, 0x4, 0x0, 0x52, 0x80, 0xf,
    0x7b, 0x18,

    /* U+006C "l" */
    0x7c, 0x0, 0xff, 0xe9, 0x89, 0xa, 0x1c, 0x0,

    /* U+006D "m" */
    0x79, 0x2b, 0xea, 0x11, 0x4f, 0x6a, 0x0, 0x13,
    0xb9, 0xaf, 0x5b, 0xda, 0xf4, 0x0, 0x3d, 0x53,
    0xb4, 0xf7, 0x3b, 0x13, 0x2, 0x10, 0x1, 0x1,
    0x80, 0x4, 0x1c, 0x3, 0x9c, 0x3, 0xff, 0xde,

    /* U+006E "n" */
    0x79, 0x2a, 0xed, 0x40, 0x2, 0x7e, 0x6b, 0x50,
    0x0, 0xf1, 0x8e, 0x44, 0xc0, 0x84, 0x0, 0x40,
    0xe0, 0x1f, 0xfd, 0xc0,

    /* U+006F "o" */
    0x0, 0x15, 0xf6, 0xc0, 0x4, 0x5a, 0x5b, 0x2b,
    0x80, 0x9, 0x49, 0x34, 0xc3, 0x50, 0x4e, 0x0,
    0x85, 0x30, 0x41, 0x80, 0x31, 0x10, 0x41, 0x80,
    0x31, 0x90, 0x27, 0x80, 0x42, 0xb8, 0x12, 0xb2,
    0x69, 0xa6, 0xa0, 0x5a, 0x5b, 0x29, 0x80,

    /* U+0070 "p" */
    0x79, 0x4b, 0xfc, 0x40, 0x3, 0x47, 0xea, 0x59,
    0x81, 0x62, 0x14, 0x24, 0x80, 0x80, 0x6c, 0x70,
    0xf, 0x9, 0x80, 0x7b, 0x88, 0x4, 0x3, 0x32,
    0x1, 0x51, 0x9a, 0xc2, 0x40, 0xf3, 0xb4, 0x3c,
    0x40, 0xd, 0xbd, 0x62, 0x1, 0xff, 0xcd,

    /* U+0071 "q" */
    0x0, 0x1d, 0xfe, 0xb6, 0x28, 0x16, 0x16, 0x76,
    0x98, 0x2, 0x52, 0x4c, 0xd6, 0x1, 0x27, 0x0,
    0x78, 0x41, 0x80, 0x3c, 0x20, 0xc0, 0x1f, 0x17,
    0x80, 0x7d, 0xb, 0x6, 0xba, 0x1, 0x2d, 0x2e,
    0x77, 0x4, 0x2, 0x5d, 0xfb, 0x31, 0x0, 0xff,
    0xe8, 0x0,

    /* U+0072 "r" */
    0x79, 0x3d, 0xf0, 0x2, 0xfc, 0x60, 0x0, 0xfd,
    0x4c, 0x0, 0x46, 0x1, 0x84, 0x3, 0xff, 0xa0,

    /* U+0073 "s" */
    0x2, 0xbe, 0xe4, 0x88, 0x70, 0x66, 0x4, 0xc0,
    0xf8, 0x89, 0x4, 0xd, 0x6c, 0x1, 0xa6, 0xed,
    0xce, 0x1, 0x2e, 0xd4, 0xc0, 0x6, 0x46, 0x43,
    0xd5, 0x14, 0x54, 0x38, 0x9e, 0xa5, 0x80,

    /* U+0074 "t" */
    0x0, 0x38, 0x6, 0x18, 0x0, 0xc6, 0x1, 0xa3,
    0x43, 0xfc, 0xd1, 0x61, 0xbc, 0xc0, 0xe0, 0x42,
    0x1, 0xff, 0xca, 0x20, 0x8, 0xc2, 0xc8, 0x80,
    0xa, 0x7c, 0x50,

    /* U+0075 "u" */
    0x9a, 0x0, 0x8b, 0xc4, 0x3, 0xff, 0xaa, 0x20,
    0x1e, 0x16, 0x0, 0x90, 0x1, 0x84, 0xe7, 0x1a,
    0x0, 0x47, 0x9e, 0xb, 0x0, 0x0,

    /* U+0076 "v" */
    0x9b, 0x0, 0xcf, 0x9a, 0x82, 0x1, 0x5d, 0x90,
    0x50, 0x0, 0x46, 0xc0, 0xfc, 0x0, 0x53, 0x10,
    0xa4, 0x0, 0x5d, 0x0, 0xc, 0x94, 0x4d, 0xc0,
    0x25, 0xf7, 0x41, 0x0, 0xa9, 0x37, 0x40, 0x18,
    0x8d, 0x1c, 0x0,

    /* U+0077 "w" */
    0x6e, 0x0, 0x9b, 0xc8, 0x0, 0x5e, 0x28, 0x24,
    0x0, 0xc2, 0x40, 0x2, 0x10, 0x90, 0xa0, 0x1,
    0x2f, 0x0, 0x18, 0x80, 0x7, 0xc0, 0x32, 0x45,
    0x0, 0x26, 0x0, 0x31, 0x1, 0x10, 0x42, 0x64,
    0x28, 0x0, 0x41, 0x2c, 0xc0, 0x22, 0x46, 0x20,
    0x1, 0x37, 0x54, 0xc, 0xc7, 0xa0, 0x6, 0x49,
    0x20, 0x2, 0x25, 0x80, 0x1b, 0xd, 0x0, 0x4,
    0x52, 0x0, 0x0,

    /* U+0078 "x" */
    0x3f, 0x30, 0x2, 0xf0, 0x9b, 0x78, 0x2, 0x20,
    0x21, 0x4, 0xac, 0x2c, 0x0, 0x18, 0xb8, 0xf0,
    0xc, 0xe2, 0x66, 0x0, 0xd6, 0xa6, 0xa0, 0x11,
    0xad, 0xc5, 0x80, 0x5d, 0x2, 0xc5, 0x20, 0xe0,
    0xe0, 0xf, 0x63,

    /* U+0079 "y" */
    0x9b, 0x0, 0xcf, 0xb4, 0x82, 0x1, 0x5d, 0x19,
    0x30, 0x0, 0x4d, 0x42, 0xac, 0x0, 0xe4, 0x40,
    0x63, 0x20, 0xda, 0x0, 0xa, 0x50, 0x22, 0x80,
    0x5e, 0xa8, 0x44, 0x0, 0x90, 0xe2, 0x80, 0x39,
    0x8d, 0x40, 0x3b, 0x88, 0x80, 0x1d, 0x70, 0x1,
    0x8a, 0x1, 0x40, 0x24, 0xd4, 0xf0, 0xc,

    /* U+007A "z" */
    0xe, 0xff, 0xda, 0x0, 0xfe, 0xe6, 0x84, 0x0,
    0x4, 0x69, 0x45, 0x0, 0xca, 0x94, 0x1, 0x86,
    0xe4, 0x40, 0x35, 0x93, 0x0, 0x64, 0x5e, 0x0,
    0xea, 0x73, 0x11, 0x81, 0x85, 0xfb, 0xb0, 0x0,

    /* U+007B "{" */
    0x0, 0x37, 0x50, 0x2, 0x2a, 0x80, 0x1, 0x50,
    0xf, 0xc2, 0x1, 0xc6, 0x0, 0x31, 0x20, 0x5c,
    0x90, 0x2, 0xe4, 0x0, 0x46, 0x2, 0x1, 0x8c,
    0x2, 0x13, 0x0, 0xff, 0xe0, 0x92, 0x0, 0x53,
    0x30,

    /* U+007C "|" */
    0x59, 0x0, 0xff, 0xeb, 0x0,

    /* U+007D "}" */
    0x6d, 0xa0, 0x3, 0x6a, 0x98, 0x4, 0x6e, 0x1,
    0xf8, 0x5c, 0x3, 0xf3, 0xa0, 0x5, 0x10, 0xa0,
    0x4, 0x3d, 0x0, 0x1e, 0xc0, 0x3f, 0xf8, 0x22,
    0xe0, 0x1f, 0x9, 0x30, 0x2e, 0xb1, 0x0,

    /* U+007E "~" */
    0x3, 0xca, 0x10, 0x1, 0x80, 0xf7, 0xee, 0x1a,
    0x70, 0xc, 0x9b, 0xcf, 0x47, 0x80,

    /* U+00B0 "°" */
    0x4, 0xcb, 0x20, 0x19, 0xd9, 0xf0, 0x27, 0x12,
    0x10, 0x27, 0x12, 0x10, 0x19, 0xd9, 0xf0,

    /* U+00B7 "·" */
    0x2, 0x20, 0x26, 0xe9, 0x30, 0x1, 0x94, 0x66,
    0xa0,

    /* U+25CF "●" */
    0x0, 0xc3, 0x1b, 0xfe, 0xd8, 0x10, 0xf, 0x97,
    0xdc, 0x80, 0x4, 0xfe, 0xa0, 0x1c, 0xd4, 0x20,
    0x1e, 0x1a, 0x60, 0x8, 0xa4, 0x3, 0xfd, 0x24,
    0x0, 0x90, 0xf, 0xfe, 0x4, 0x80, 0x10, 0x3,
    0xff, 0x80, 0x80, 0x40, 0x1f, 0xfc, 0x22, 0x0,
    0xff, 0xe2, 0x10, 0x7, 0xff, 0x8, 0x81, 0x0,
    0x3f, 0xf8, 0x8, 0x0, 0x90, 0xf, 0xfe, 0x4,
    0x80, 0xa, 0x40, 0x3f, 0xd2, 0x40, 0x13, 0x50,
    0x80, 0x78, 0x69, 0x80, 0x39, 0x7d, 0xc8, 0x0,
    0x4f, 0xea, 0x1, 0x0,

    /* U+3001 "、" */
    0x4, 0x10, 0xd, 0x18, 0x20, 0x16, 0x36, 0x8,
    0x5, 0x63, 0x82, 0x1, 0x6a, 0x0,

    /* U+4E0E "与" */
    0x0, 0xda, 0x40, 0x1f, 0xfc, 0x1, 0x23, 0x11,
    0xfc, 0x1, 0x94, 0x3b, 0xbf, 0x80, 0x36, 0x37,
    0xff, 0xf0, 0x6, 0x3c, 0x0, 0xff, 0xe0, 0xa3,
    0x8, 0xff, 0x0, 0x46, 0x19, 0xdd, 0xfc, 0x40,
    0x3, 0xff, 0xfe, 0xe0, 0x20, 0xf, 0xfe, 0x1,
    0x8, 0x3, 0xff, 0xfb, 0x41, 0x88, 0x1, 0xdd,
    0xfd, 0x81, 0xaa, 0x0, 0x11, 0xff, 0x2, 0x78,
    0x7, 0xf0, 0x80, 0x10, 0xdc, 0x3, 0xfb, 0xfe,
    0xb9, 0x10, 0xf, 0xee, 0xff, 0x98, 0x0,

    /* U+4E2D "中" */
    0x0, 0xf1, 0xf0, 0x7, 0xff, 0x20, 0xb3, 0x3b,
    0x87, 0x33, 0xac, 0x4a, 0x23, 0x50, 0x44, 0x6a,
    0x50, 0x34, 0x4e, 0x14, 0x4e, 0x0, 0xff, 0xe9,
    0x88, 0xe7, 0x1, 0x1c, 0xc0, 0x2, 0xee, 0xd6,
    0x3d, 0xda, 0xc0, 0x57, 0xff, 0x60, 0xff, 0xed,
    0x72, 0xa0, 0xf, 0xf1, 0x48, 0x7, 0xff, 0x78,

    /* U+4E32 "串" */
    0x0, 0xf2, 0x68, 0x7, 0xcd, 0x99, 0xa4, 0xb3,
    0x35, 0x80, 0x39, 0xbf, 0xeb, 0x1f, 0xfa, 0x54,
    0x2, 0x33, 0xc4, 0x67, 0x9c, 0x3, 0xff, 0x8c,
    0xdf, 0xf5, 0x97, 0xfd, 0xa0, 0x14, 0x7f, 0xeb,
    0x2f, 0xfd, 0xc0, 0x5f, 0xfd, 0x65, 0xff, 0xd4,
    0x3, 0xff, 0xac, 0xbf, 0xf3, 0x80, 0x7f, 0xf0,
    0x7c, 0x2, 0x22, 0xe3, 0x22, 0xdc, 0x0, 0x1e,
    0xed, 0x63, 0xdd, 0x9c, 0xb, 0x73, 0x34, 0x96,
    0x66, 0xfb, 0x2, 0x0, 0xff, 0x8, 0x80,

    /* U+4E50 "乐" */
    0x0, 0xfc, 0x26, 0xaf, 0x50, 0x1, 0x8b, 0x75,
    0xdf, 0xdf, 0xee, 0xe6, 0x50, 0x6, 0x63, 0xce,
    0xfe, 0xe6, 0x5c, 0xb1, 0x0, 0x61, 0x51, 0x0,
    0xd, 0x80, 0x7f, 0x10, 0x80, 0x46, 0xa0, 0x1f,
    0xdb, 0xa0, 0xf, 0xfe, 0x13, 0x98, 0x7, 0xff,
    0x4, 0x4a, 0xff, 0xed, 0x1f, 0xfe, 0xd0, 0x0,
    0xe6, 0xf7, 0x58, 0x3d, 0xdd, 0x80, 0x11, 0x82,
    0x88, 0xc0, 0x22, 0x23, 0x11, 0x0, 0x6e, 0x30,
    0xf, 0x37, 0x88, 0x6, 0x87, 0x70, 0x7, 0x96,
    0xb0, 0x2, 0x75, 0xa0, 0xf, 0xce, 0xea, 0x1,
    0xbf, 0x10, 0x9, 0x80, 0x3a, 0x84, 0x87, 0x8,
    0x1, 0x3f, 0x4c, 0x1, 0xd6, 0x40,

    /* U+4E92 "互" */
    0x9, 0xff, 0xff, 0xe0, 0x58, 0x2, 0x7f, 0xd6,
    0x1f, 0xff, 0xac, 0x3, 0x88, 0xc0, 0x3f, 0xf8,
    0x5c, 0xa0, 0x1f, 0xfc, 0x23, 0x6e, 0xee, 0xf3,
    0x0, 0xf9, 0x6f, 0xbb, 0x80, 0x40, 0x3c, 0x22,
    0x50, 0xf, 0x10, 0x7, 0x94, 0x44, 0x1, 0x88,
    0x40, 0x3e, 0x35, 0x0, 0xe6, 0x20, 0xf, 0xb5,
    0x3f, 0xfa, 0xd8, 0x3, 0xea, 0xff, 0xf3, 0x90,
    0x7, 0xff, 0x8, 0xf8, 0x3, 0x8c, 0xff, 0x98,
    0x4c, 0xe0, 0x1e, 0xef, 0xe0, 0xae, 0xe8, 0x80,

    /* U+4EA4 "交" */
    0x0, 0xf9, 0x40, 0x3f, 0xf8, 0x76, 0xa0, 0x1f,
    0x84, 0x7d, 0x3c, 0x23, 0xe0, 0x7, 0xf7, 0x74,
    0x27, 0x77, 0x60, 0x3, 0xbf, 0xea, 0xff, 0xd7,
    0xdf, 0xed, 0x0, 0xec, 0xc0, 0x6, 0xcc, 0x18,
    0x7, 0x16, 0x2c, 0x80, 0x68, 0x86, 0xb0, 0x4,
    0xdb, 0x76, 0x70, 0xd, 0xd, 0xb0, 0xe0, 0x5,
    0xb7, 0x29, 0x30, 0x1, 0x39, 0x1e, 0x90, 0x0,
    0xd0, 0x1, 0x1e, 0x0, 0x97, 0x10, 0x35, 0x0,
    0xf3, 0x32, 0xa5, 0xe0, 0x3, 0xfe, 0xb5, 0x6e,
    0x0, 0xff, 0x97, 0xd5, 0x58, 0xc0, 0x1f, 0x13,
    0xe4, 0x55, 0x5b, 0x7b, 0x8, 0x1, 0x6e, 0xd3,
    0xa8, 0x0, 0x3d, 0x91, 0xae, 0x10, 0xef, 0xa5,
    0x0, 0xf2, 0x4f, 0x78, 0x80,

    /* U+4EF6 "件" */
    0x0, 0xff, 0xe4, 0x71, 0x2, 0x82, 0x60, 0x7,
    0xe5, 0x22, 0x24, 0x80, 0x7f, 0xd3, 0x20, 0xc5,
    0x11, 0x0, 0x8c, 0x1, 0x90, 0xd4, 0x15, 0xba,
    0x8f, 0xba, 0x70, 0xa, 0x44, 0x10, 0x3f, 0xd6,
    0x7f, 0xf3, 0x80, 0x28, 0x40, 0x1f, 0x60, 0x1f,
    0xc4, 0xfc, 0x0, 0xe6, 0x0, 0xfe, 0x2c, 0x30,
    0x3, 0x91, 0x61, 0x22, 0xc0, 0x1, 0x0, 0xbb,
    0xfe, 0x82, 0xff, 0xc4, 0x1, 0xd9, 0xbb, 0x51,
    0xee, 0xe2, 0x0, 0xff, 0xfa, 0x0,

    /* U+4F1A "会" */
    0x0, 0xff, 0xe5, 0xa7, 0x88, 0x7, 0xff, 0x0,
    0xe8, 0xa4, 0x3, 0xfe, 0x4c, 0x8d, 0x4a, 0x10,
    0xf, 0xd3, 0x54, 0x60, 0xc3, 0xf5, 0x0, 0xe6,
    0xe7, 0xb6, 0x33, 0xa9, 0xaf, 0x10, 0x1, 0x97,
    0x69, 0x97, 0xff, 0x27, 0xdd, 0x20, 0x6e, 0x95,
    0xf3, 0x3e, 0x17, 0xe4, 0x1, 0x1f, 0xfe, 0x10,
    0x1, 0x7f, 0xf7, 0x73, 0xff, 0xd8, 0x0, 0x5e,
    0xeb, 0x2, 0xbb, 0x99, 0xdd, 0x68, 0x7, 0xf,
    0xba, 0x80, 0x2a, 0xc0, 0x3f, 0x6a, 0x40, 0x5,
    0x5, 0x60, 0x1c, 0x38, 0x38, 0xcf, 0x35, 0x68,
    0x89, 0x0, 0xcc, 0x61, 0xd9, 0xfd, 0x9f, 0xda,
    0xea, 0x1, 0x3f, 0xed, 0xd4, 0x3b, 0x21, 0x96,
    0x28, 0x0,

    /* U+4F53 "体" */
    0x0, 0xff, 0xe4, 0x69, 0x0, 0x4f, 0x20, 0x1f,
    0x98, 0x48, 0x3, 0xff, 0x83, 0x70, 0x1, 0xff,
    0xc1, 0x53, 0x4f, 0xfd, 0xd, 0xff, 0x98, 0xa,
    0x8c, 0x3f, 0xe9, 0x1, 0x6f, 0xf9, 0x83, 0x90,
    0x3, 0xad, 0xdc, 0x82, 0x1, 0xb, 0xc8, 0x6,
    0x64, 0xf0, 0xb8, 0x0, 0x86, 0xc0, 0x3a, 0x20,
    0x0, 0x67, 0x20, 0xf, 0xd4, 0xc2, 0x1, 0x4f,
    0x0, 0x7c, 0xee, 0x80, 0xc, 0xe1, 0x20, 0x1c,
    0xb3, 0x1d, 0xc8, 0x6e, 0xe4, 0xa3, 0x80, 0x65,
    0xc5, 0xee, 0x43, 0x77, 0x17, 0x1c, 0x3, 0x88,
    0x3, 0xf0, 0x80, 0x7f, 0x84, 0x3, 0xc0,

    /* U+4FE1 "信" */
    0x0, 0xca, 0x1, 0x98, 0x3, 0xf8, 0xac, 0x3,
    0x5b, 0x0, 0x7e, 0xa6, 0x0, 0xd3, 0xe0, 0x1f,
    0x9a, 0xb7, 0xba, 0xa7, 0xee, 0xc6, 0x0, 0x70,
    0x2d, 0xee, 0xfe, 0x30, 0x19, 0x0, 0xa2, 0xab,
    0xe0, 0xa, 0x98, 0x2, 0xa9, 0x9f, 0x80, 0x2,
    0xf2, 0x1, 0x11, 0x9f, 0xc0, 0x1, 0xc0, 0xd,
    0x5d, 0xde, 0xd0, 0xf, 0xd5, 0xdd, 0xed, 0x0,
    0xfd, 0xdd, 0xf8, 0x40, 0x3e, 0x1e, 0xef, 0x18,
    0x7, 0xff, 0x34, 0x47, 0xc0, 0x1f, 0xed, 0xdf,
    0x18, 0x6, 0x1e, 0x0, 0x7e, 0x67, 0xb8, 0x40,

    /* U+5145 "充" */
    0x0, 0xf9, 0xc0, 0x3f, 0xf8, 0x7b, 0x20, 0x1f,
    0xfc, 0x2b, 0x41, 0x0, 0xfb, 0x7f, 0xfb, 0x8b,
    0xbf, 0xf7, 0x0, 0x33, 0xba, 0x43, 0xee, 0xb7,
    0xba, 0xf0, 0x0, 0x8c, 0xeb, 0xa2, 0x23, 0xc2,
    0x11, 0x80, 0x31, 0xcd, 0x8, 0x0, 0xaf, 0x14,
    0x3, 0x8f, 0x61, 0x48, 0x86, 0x80, 0xb4, 0xa0,
    0x1b, 0x86, 0x3b, 0x7f, 0xd7, 0x20, 0xd4, 0x60,
    0x17, 0xf7, 0xbb, 0x6e, 0x1c, 0xd4, 0xd0, 0x80,
    0x44, 0x20, 0x7e, 0x1, 0xe5, 0x20, 0xe, 0x14,
    0x40, 0x7, 0xc8, 0x1, 0xd6, 0x84, 0x1, 0xf4,
    0x18, 0x0, 0xad, 0xe8, 0x3, 0x18, 0x4, 0x64,
    0x15, 0xa3, 0x82, 0x1, 0x5c, 0xff, 0xca, 0x21,
    0x3b, 0x42, 0x1, 0x9f, 0xff, 0x50, 0x0,

    /* U+5149 "光" */
    0x0, 0xfa, 0x5c, 0x2, 0x12, 0x0, 0xd1, 0x40,
    0x1f, 0xa2, 0x0, 0x1a, 0x11, 0x0, 0x1e, 0x16,
    0x80, 0xe, 0x88, 0x0, 0x7a, 0xdc, 0x80, 0x39,
    0x80, 0x40, 0x30, 0xb4, 0x0, 0x7d, 0x82, 0x0,
    0xf0, 0x1c, 0x0, 0xc3, 0xff, 0xe6, 0x7f, 0xff,
    0x10, 0xff, 0xe2, 0xbf, 0xf3, 0xbb, 0xff, 0x10,
    0x7, 0x12, 0x80, 0x7f, 0xf0, 0x50, 0x44, 0x1,
    0xff, 0xc1, 0xf9, 0x0, 0xfc, 0x82, 0x1, 0x43,
    0x30, 0x3, 0xf7, 0xa8, 0x15, 0x37, 0x88, 0x6,
    0x10, 0x9, 0x58, 0xbc, 0xb8, 0x80, 0x36, 0x3f,
    0xfc, 0x84, 0x4d, 0x80, 0xf, 0x27, 0x7f, 0xd4,
    0x0,

    /* U+5165 "入" */
    0x0, 0xff, 0xe4, 0xe1, 0x0, 0x7f, 0xf0, 0x93,
    0xc, 0x3, 0xff, 0x83, 0x13, 0xa2, 0x1, 0xff,
    0xc1, 0x72, 0xb0, 0xf, 0xfe, 0x11, 0x29, 0x80,
    0x7f, 0xf0, 0xc, 0x5e, 0x0, 0x3f, 0xf8, 0x16,
    0xb0, 0xa8, 0x1, 0xfe, 0x16, 0xf0, 0x99, 0x0,
    0x7f, 0xa4, 0xd4, 0x1c, 0xd8, 0x3, 0xf1, 0x3c,
    0x80, 0x51, 0x0, 0xf, 0x87, 0xd5, 0x0, 0x26,
    0x2a, 0x0, 0xe1, 0xd1, 0xa0, 0xe, 0xd4, 0x90,
    0x9, 0x3c, 0x34, 0x3, 0xc3, 0xaf, 0x82, 0x2a,
    0x6c, 0x10, 0xf, 0x8f, 0xc0, 0xc7, 0xa0, 0x3,
    0xfc, 0x38, 0x40,

    /* U+51FB "击" */
    0x0, 0xf4, 0x48, 0x7, 0xff, 0x26, 0xbf, 0xf3,
    0xb7, 0xfe, 0xc0, 0x5, 0xf7, 0x66, 0x5e, 0xed,
    0xa0, 0x1, 0x1f, 0x18, 0x8f, 0x0, 0x8f, 0xc6,
    0x23, 0xec, 0xee, 0xe6, 0x5e, 0xee, 0xfd, 0xff,
    0xe7, 0x6f, 0xfe, 0xe0, 0x98, 0x0, 0xfd, 0x10,
    0x0, 0xff, 0xf0, 0xbf, 0xfc, 0xed, 0xff, 0x38,
    0x5, 0x3d, 0xdf, 0xce, 0x0,

    /* U+5236 "制" */
    0x0, 0xe1, 0x0, 0xff, 0x9d, 0x47, 0xc0, 0x3f,
    0x78, 0x2, 0x84, 0x80, 0x46, 0x0, 0x70, 0x80,
    0x46, 0x55, 0xa3, 0xff, 0x18, 0x7, 0xa2, 0x7b,
    0xc7, 0xba, 0x30, 0xf, 0x38, 0x2b, 0x8a, 0xae,
    0x0, 0xf3, 0x67, 0xe0, 0x7f, 0xda, 0x1, 0xea,
    0xaa, 0xc6, 0xaa, 0x80, 0xf, 0x1d, 0x54, 0x35,
    0x51, 0x0, 0x79, 0xdb, 0xf4, 0x3f, 0xcc, 0xc0,
    0xf, 0x99, 0x5c, 0x55, 0x4e, 0x0, 0x20, 0xf,
    0xfe, 0x16, 0x8, 0x7, 0xff, 0x2c, 0xf9, 0x94,
    0x4, 0x46, 0x0, 0x4a, 0x0, 0x8f, 0xb4, 0x41,
    0x3b, 0x18, 0x3, 0xf, 0x0, 0x72, 0xff, 0xa4,

    /* U+52A9 "助" */
    0x1, 0xff, 0xe1, 0x0, 0x4b, 0x0, 0x78, 0x7f,
    0xe1, 0x0, 0x8c, 0x3, 0xff, 0xa0, 0x99, 0x84,
    0xbc, 0xc8, 0x2, 0x1e, 0xe8, 0x5a, 0x64, 0x69,
    0x34, 0x60, 0x10, 0xf7, 0x42, 0x4a, 0xa0, 0xa5,
    0x60, 0xf, 0xfe, 0x1, 0x90, 0x8, 0x6, 0x1e,
    0xe8, 0x40, 0x2, 0x30, 0x0, 0x40, 0x21, 0xee,
    0x84, 0x0, 0xea, 0x0, 0x33, 0x0, 0x7f, 0xb7,
    0x0, 0x2, 0x1, 0xc4, 0xb2, 0x3c, 0x8a, 0xe0,
    0x7, 0x10, 0x1a, 0x1c, 0xee, 0x67, 0x44, 0x4,
    0x0, 0x4c, 0x3, 0xba, 0xeb, 0x72, 0xd7, 0x60,
    0xb, 0x34, 0x0, 0xc4, 0x1, 0x42, 0xd8, 0x27,
    0xf9, 0xd8, 0x3, 0xe9, 0x90, 0x1, 0x3f, 0xda,
    0x20,

    /* U+53E3 "口" */
    0xde, 0xef, 0xf8, 0xeb, 0x33, 0xf5, 0x88, 0x31,
    0x17, 0xe6, 0x0, 0xff, 0xff, 0x80, 0x7f, 0xdf,
    0xbb, 0xfc, 0x0, 0xbe, 0xef, 0xd0, 0x0, 0x43,
    0x3f, 0xc8, 0x40,

    /* U+53EF "可" */
    0x1, 0x1f, 0xfe, 0x10, 0xf, 0x77, 0xff, 0x8,
    0x87, 0xff, 0xfe, 0xd, 0xf2, 0x0, 0xff, 0xe3,
    0x37, 0xff, 0x84, 0x3, 0xf9, 0x7f, 0xf0, 0x7,
    0xfc, 0x60, 0x1f, 0xfe, 0x36, 0xff, 0xc0, 0x1f,
    0xf2, 0xf7, 0x70, 0x80, 0x7e, 0x78, 0x11, 0xe0,
    0xf, 0xe1, 0x20, 0xe, 0x21, 0x20, 0xf, 0xfe,
    0x1, 0x6f, 0x62, 0x90, 0x0,

    /* U+540C "同" */
    0xcf, 0xff, 0xfe, 0x1, 0x5, 0xff, 0xff, 0x84,
    0x3, 0xff, 0x8a, 0x7f, 0xff, 0x70, 0x7, 0x1f,
    0xff, 0xdc, 0x1, 0xff, 0xc8, 0x6f, 0xee, 0xde,
    0x1, 0xf9, 0xbb, 0xb0, 0x7, 0xff, 0x65, 0xbb,
    0xb0, 0x7, 0xf3, 0x77, 0x6f, 0x0, 0xf9, 0xec,
    0x3, 0xc2, 0x20, 0xc, 0x24, 0x1, 0x87, 0xf9,
    0x8,

    /* U+540E "后" */
    0x0, 0xff, 0xe0, 0x10, 0x7, 0xc4, 0x6a, 0xd1,
    0x59, 0xf8, 0xe0, 0x1b, 0x3b, 0xe3, 0xfb, 0xfe,
    0xee, 0x38, 0x7, 0x56, 0xdd, 0x43, 0xa9, 0x88,
    0x7, 0xff, 0x2e, 0xff, 0xff, 0xe0, 0xd, 0x5f,
    0xff, 0xf0, 0x4, 0x22, 0x0, 0xff, 0xe1, 0x13,
    0x8e, 0x67, 0xeb, 0x0, 0xe2, 0x33, 0x7f, 0xfa,
    0x94, 0x2, 0x20, 0x10, 0x13, 0x3f, 0x28, 0x6,
    0x44, 0x0, 0x7f, 0xf0, 0xb7, 0x40, 0x1f, 0xfc,
    0x13, 0x47, 0x0, 0xe, 0x67, 0xb8, 0x2, 0x68,
    0x10, 0xb, 0xff, 0xd0, 0x1, 0x2b, 0x80, 0xb,
    0xcc, 0xfc, 0xbc, 0x0,

    /* U+5411 "向" */
    0x0, 0xf4, 0x10, 0x7, 0xfc, 0x4e, 0x60, 0x1f,
    0xf5, 0x30, 0x80, 0x78, 0xb7, 0x73, 0xbb, 0x77,
    0xd8, 0x7, 0xdd, 0x66, 0xf7, 0x74, 0x10, 0x0,
    0xcf, 0xfc, 0xe0, 0x1c, 0x45, 0xe0, 0xf, 0xd9,
    0xff, 0xb4, 0x80, 0x3f, 0x66, 0xec, 0x40, 0x1f,
    0xfd, 0x9e, 0xec, 0x60, 0x1f, 0xdd, 0xdc, 0x40,
    0x1f, 0x50, 0x80, 0x42, 0x33, 0x0, 0x72, 0x0,
    0x66, 0xee, 0x54, 0x80,

    /* U+542F "启" */
    0x0, 0xf8, 0xc0, 0x3f, 0xf8, 0x5c, 0x80, 0x1f,
    0xfc, 0x1b, 0x80, 0xf, 0xd7, 0xff, 0xa4, 0xff,
    0xf6, 0x80, 0x6a, 0xff, 0xfd, 0x80, 0x1f, 0xfc,
    0x8a, 0xff, 0xfd, 0x80, 0x19, 0xeb, 0xbb, 0xfb,
    0x0, 0x22, 0x61, 0x1f, 0xf0, 0x4, 0x25, 0xdf,
    0xff, 0xc2, 0x1, 0x8, 0x6f, 0xff, 0xc0, 0x12,
    0x18, 0x0, 0xc0, 0x3f, 0xda, 0x80, 0x1f, 0xfc,
    0x2, 0x6a, 0x0, 0x77, 0x7e, 0x0, 0x3b, 0x10,
    0x3, 0x7b, 0xbe, 0x0, 0x2c, 0x80, 0x38, 0x80,
    0x3e, 0xf1,

    /* U+56FA "固" */
    0xcf, 0xff, 0xfe, 0x1, 0x85, 0xff, 0xff, 0x84,
    0x3, 0xeb, 0x10, 0xf, 0xfe, 0x2, 0x0, 0x7f,
    0x67, 0x74, 0x1f, 0xdd, 0x8, 0x6, 0xce, 0xe8,
    0x3f, 0xba, 0x10, 0xf, 0xfe, 0x3d, 0xf6, 0x96,
    0x6f, 0x80, 0x7e, 0xdd, 0xe0, 0xf, 0xfe, 0x5f,
    0x6e, 0xe0, 0xf, 0xd7, 0xbb, 0xde, 0x1, 0xc6,
    0x89, 0xfe, 0x10, 0x5, 0x7f, 0xff, 0x80, 0x0,

    /* U+5907 "备" */
    0x0, 0xf2, 0x80, 0x7f, 0xf0, 0xe6, 0x40, 0x1f,
    0xfc, 0x28, 0x62, 0xee, 0xdf, 0xe1, 0x0, 0xe1,
    0xb6, 0x4f, 0xee, 0xa8, 0x6c, 0x40, 0x32, 0xfe,
    0x76, 0x61, 0x46, 0x65, 0xa8, 0x1, 0xcb, 0x8e,
    0xf, 0x75, 0xc9, 0x86, 0x1, 0xf1, 0xa4, 0x75,
    0xc5, 0xa7, 0xe3, 0xa1, 0x0, 0xf, 0x7b, 0xc3,
    0x35, 0xd2, 0x7a, 0x3f, 0xd9, 0x60, 0x7f, 0xaa,
    0xd9, 0xdd, 0xd4, 0xc3, 0xd6, 0x0, 0x20, 0x7,
    0x75, 0x65, 0xdd, 0x48, 0x80, 0x7f, 0x84, 0x3,
    0x8, 0x7, 0xc3, 0xdd, 0x51, 0xf7, 0x52, 0x1,
    0xf0, 0xf7, 0x54, 0x7d, 0xd4, 0x80, 0x7f, 0xf3,
    0x7, 0xba, 0xa2, 0xee, 0xa4, 0x40, 0x20,

    /* U+5929 "天" */
    0x0, 0x8, 0xff, 0xf0, 0x0, 0x25, 0xee, 0xff,
    0xe0, 0x20, 0x1, 0x7f, 0xf9, 0x63, 0xff, 0x90,
    0x3, 0xff, 0x98, 0x20, 0x1f, 0xc2, 0x3e, 0x70,
    0x11, 0xf0, 0x3, 0xfb, 0xb8, 0xe3, 0xbb, 0xc0,
    0xe, 0xff, 0xda, 0x0, 0xef, 0xfe, 0x0, 0xfa,
    0x91, 0xa4, 0x3, 0xfe, 0x27, 0x88, 0x31, 0x0,
    0x7f, 0xf, 0xb9, 0x8c, 0x78, 0x80, 0x7c, 0x58,
    0xf0, 0x0, 0x67, 0xc2, 0x0, 0xc3, 0x1a, 0xb4,
    0x1, 0xa9, 0x75, 0xc4, 0x7, 0xcf, 0x20, 0x3,
    0xd1, 0x76, 0xe2, 0x1c, 0xb3, 0x0, 0xfc, 0x99,
    0xa4,

    /* U+5976 "奶" */
    0x0, 0xff, 0xe2, 0x9e, 0x80, 0x7f, 0xf0, 0x55,
    0xc0, 0x15, 0xdf, 0xee, 0xff, 0x0, 0x6f, 0xd0,
    0x5, 0x71, 0x67, 0x61, 0x80, 0xf, 0xda, 0x3f,
    0xc4, 0x1, 0x95, 0x40, 0x3, 0xf1, 0xef, 0x12,
    0x3, 0x10, 0xcc, 0x0, 0x44, 0x62, 0x20, 0x8,
    0x4c, 0x12, 0xf7, 0x1, 0x10, 0xa, 0x40, 0x20,
    0x21, 0x98, 0x91, 0xd, 0xc0, 0xc4, 0x2, 0x20,
    0x0, 0x88, 0xe2, 0x7, 0x68, 0xb6, 0xa, 0xe0,
    0x19, 0xdc, 0x11, 0x54, 0x33, 0x6, 0xe0, 0x6,
    0x11, 0x0, 0x10, 0x85, 0x41, 0x1c, 0x3, 0x11,
    0x80, 0x1c, 0x70, 0x9d, 0x4, 0x3, 0x77, 0x1,
    0xe3, 0xcd, 0x26, 0x40, 0x18, 0x5d, 0xa, 0xb4,
    0x82, 0x60, 0x80, 0x1b, 0xfc, 0xa6, 0x5a, 0x40,
    0xa, 0x60, 0xb, 0x7f, 0xd6, 0x0,

    /* U+5A92 "媒" */
    0x0, 0xff, 0xe3, 0x25, 0x80, 0x43, 0xc0, 0x10,
    0xf0, 0x6, 0x23, 0x0, 0x4e, 0xe, 0xed, 0x83,
    0xaa, 0x5, 0x9e, 0x43, 0x3e, 0x39, 0x97, 0x8e,
    0x28, 0xea, 0xc6, 0xe0, 0x18, 0x8, 0xc6, 0x2,
    0x3, 0xc3, 0xb6, 0x20, 0x1, 0xdd, 0xbc, 0x3,
    0x8c, 0x85, 0x80, 0x3, 0xbb, 0x78, 0x6, 0x57,
    0x2, 0x20, 0x0, 0x7b, 0xaf, 0x0, 0xd9, 0x80,
    0xdd, 0x0, 0xff, 0x7, 0xf7, 0x0, 0x24, 0x0,
    0x22, 0x4, 0x8a, 0x2, 0x2c, 0x0, 0xeb, 0xa2,
    0x19, 0xee, 0x60, 0xe7, 0xf7, 0x14, 0xb, 0x11,
    0xc2, 0x33, 0x88, 0xd, 0x33, 0xa, 0x0, 0x73,
    0x1a, 0x3, 0xfe, 0x1e, 0x2a, 0x0, 0x9a, 0x3e,
    0xbe, 0x7b, 0x84, 0x7, 0x65, 0xca, 0x3b, 0x84,
    0xb, 0xfa, 0x60, 0x1a, 0x35, 0xc0,

    /* U+5B9A "定" */
    0x0, 0xf1, 0x40, 0x7, 0xff, 0x4, 0x98, 0xc0,
    0x3e, 0xbc, 0xce, 0xd, 0xcc, 0xe2, 0x6, 0xaf,
    0xfd, 0xba, 0xff, 0xc4, 0x20, 0x5, 0x33, 0xff,
    0x80, 0xa, 0x46, 0x89, 0xf8, 0x94, 0x42, 0x6,
    0x23, 0x5c, 0xc4, 0x49, 0x4, 0x1, 0x5e, 0x64,
    0x53, 0x99, 0x30, 0x7, 0x5a, 0x80, 0x7f, 0xf0,
    0x55, 0x80, 0x2a, 0xee, 0xca, 0x1, 0x10, 0x80,
    0x6b, 0xff, 0xca, 0x1, 0x29, 0xf8, 0x4, 0x23,
    0xc0, 0x1a, 0x79, 0x68, 0x40, 0x3f, 0xa5, 0xa,
    0x43, 0xc8, 0xc8, 0x40, 0x21, 0x54, 0xb0, 0x5,
    0x51, 0xab, 0x3b, 0xfe, 0xb5, 0xc1, 0x0, 0x92,
    0x77, 0xbf, 0xf5, 0x0,

    /* U+5BA2 "客" */
    0x0, 0xf9, 0xc0, 0x3f, 0xf8, 0x7b, 0x0, 0x1f,
    0xbb, 0xff, 0x95, 0xff, 0xfa, 0xc0, 0x2d, 0xff,
    0x6c, 0x77, 0xff, 0x53, 0x80, 0x46, 0x3, 0xf8,
    0x64, 0x58, 0x4, 0x2, 0xe1, 0x2c, 0x31, 0x88,
    0xb2, 0x41, 0x30, 0x2, 0x7c, 0x53, 0xca, 0xa6,
    0x95, 0x80, 0x72, 0xf7, 0xc6, 0xea, 0xf3, 0x70,
    0x3, 0xcb, 0x22, 0xa, 0x0, 0x71, 0x50, 0xf,
    0x1b, 0xd7, 0x64, 0xdd, 0xa7, 0x3b, 0x25, 0x85,
    0x3b, 0x84, 0x9, 0xfb, 0xaf, 0x40, 0xae, 0xf1,
    0x4d, 0x9b, 0x3d, 0xdf, 0x2, 0x3c, 0x80, 0x7f,
    0xf6, 0x4b, 0xbb, 0xc2, 0x1, 0x80,

    /* U+5DF2 "已" */
    0xbf, 0xff, 0xf8, 0x1, 0x7d, 0xdf, 0xd8, 0x1,
    0x84, 0x7f, 0xc0, 0x19, 0x84, 0x3, 0xff, 0x81,
    0x64, 0x1, 0xff, 0xcf, 0xcf, 0xff, 0xb4, 0x3,
    0xaf, 0xbb, 0xf5, 0x80, 0x67, 0x11, 0xfc, 0x80,
    0x1f, 0xfc, 0x22, 0x70, 0xf, 0xfe, 0x3, 0x50,
    0x1, 0xc0, 0x3f, 0x8d, 0x81, 0xb4, 0x40, 0x3e,
    0x3a, 0xd0, 0x95, 0xef, 0xff, 0xb5, 0x58,

    /* U+5E38 "常" */
    0x0, 0x58, 0x80, 0x34, 0xc0, 0xd, 0x20, 0x1b,
    0xa8, 0x3, 0x86, 0xe0, 0x1, 0x9f, 0x49, 0xfe,
    0x2c, 0xfe, 0x2e, 0xf4, 0xc, 0xff, 0xff, 0x18,
    0x4, 0x3b, 0xbf, 0x80, 0x29, 0x20, 0x3d, 0xdf,
    0x10, 0x4a, 0xa8, 0x40, 0x3f, 0xca, 0x20, 0x11,
    0xee, 0xbf, 0xb7, 0x44, 0x1, 0xc3, 0xbb, 0x1d,
    0x6e, 0xc0, 0x1a, 0xff, 0xf1, 0xdf, 0xfe, 0x40,
    0xa, 0x3f, 0xe3, 0xbf, 0xf9, 0x40, 0x3f, 0xf9,
    0xa6, 0x42, 0xe0, 0x3, 0x20, 0xf, 0x4f, 0x9,
    0x80,

    /* U+5F00 "开" */
    0x8, 0xff, 0xff, 0xe0, 0x50, 0x2, 0x3f, 0xd6,
    0x5f, 0xf9, 0xdd, 0xfe, 0xa0, 0xf, 0xff, 0xa8,
    0xee, 0xd4, 0x5b, 0xb9, 0x99, 0xbb, 0x10, 0xff,
    0xcc, 0x7f, 0xf9, 0xdd, 0xff, 0x10, 0x11, 0x42,
    0x84, 0x58, 0x44, 0x45, 0x0, 0x73, 0xe0, 0x7,
    0xff, 0x5, 0x41, 0x0, 0x3f, 0xf8, 0x5, 0x56,
    0x1, 0xff, 0xc0, 0x3c, 0x65, 0x0, 0xff, 0xe0,
    0x44, 0x24, 0x3, 0xff, 0x83, 0x6c, 0x1, 0xf4,
    0x40, 0x3, 0x0,

    /* U+5F85 "待" */
    0x0, 0xff, 0xe3, 0xbd, 0x80, 0x66, 0xa0, 0xf,
    0x92, 0x68, 0x4, 0x70, 0x8, 0xc0, 0x13, 0xd6,
    0x88, 0x7f, 0xd0, 0xbf, 0xf2, 0x80, 0xe7, 0x9c,
    0x7, 0x75, 0x2b, 0xdd, 0x28, 0xd, 0x8c, 0x18,
    0x7, 0xff, 0x5, 0x1e, 0x77, 0xba, 0x84, 0xef,
    0xee, 0x18, 0x1d, 0x81, 0x6f, 0x77, 0x60, 0xf7,
    0xc, 0xd9, 0x20, 0x10, 0x8f, 0x80, 0x44, 0x5,
    0x2c, 0x0, 0xaf, 0xfe, 0xd1, 0xff, 0x8, 0x98,
    0x2, 0xaf, 0x8e, 0xeb, 0x7, 0xb8, 0x20, 0x1e,
    0x1b, 0x60, 0xf, 0xfe, 0x17, 0xc1, 0x0, 0x7f,
    0xf0, 0x4b, 0x8, 0x4, 0x3, 0xff, 0x80, 0x4d,
    0xf8, 0xe0, 0x1e, 0xf0, 0xe, 0x6f, 0xf4, 0x80,
    0x40,

    /* U+6001 "态" */
    0x0, 0xfa, 0x60, 0x3, 0xff, 0x84, 0xbc, 0x1,
    0xf0, 0xff, 0xf8, 0xe7, 0xff, 0xc4, 0x3f, 0xfd,
    0x26, 0xb1, 0xff, 0xc4, 0x1, 0xeb, 0x98, 0x81,
    0x0, 0x7f, 0xad, 0xd4, 0xa7, 0x8, 0x3, 0xe3,
    0xd0, 0x3c, 0x26, 0x66, 0x30, 0x6, 0x6b, 0xdb,
    0xb4, 0xde, 0x1c, 0x54, 0x6c, 0x0, 0x3f, 0xb8,
    0xc0, 0x22, 0xa2, 0x4, 0xe9, 0x0, 0xa4, 0xcc,
    0xe8, 0x3b, 0xa1, 0x0, 0x53, 0xc0, 0x5, 0x61,
    0xa4, 0x16, 0xb0, 0x0, 0xff, 0x0, 0x46, 0x70,
    0x6, 0xde, 0x7, 0x61, 0x40, 0x4, 0x48, 0x0,
    0x40, 0x2, 0xc1, 0x6f, 0x5c, 0x0, 0xc7, 0xf,
    0x9f, 0xfe, 0x4, 0x6c, 0x0,

    /* U+606F "息" */
    0x0, 0xf9, 0x10, 0x1, 0xff, 0xc2, 0xa1, 0x0,
    0xff, 0x6f, 0x6f, 0xd, 0xee, 0xbb, 0x40, 0x3c,
    0x7f, 0xbd, 0xfd, 0xba, 0xf3, 0x0, 0xfb, 0x37,
    0x7d, 0x80, 0x1f, 0xb3, 0x77, 0xd8, 0x1, 0xfa,
    0xab, 0xf0, 0x7, 0xe8, 0x8f, 0xbc, 0x3, 0xf1,
    0x17, 0xca, 0x1, 0xf1, 0x66, 0xeb, 0xb7, 0x6c,
    0x20, 0xf, 0x67, 0xee, 0x8e, 0x77, 0x71, 0x0,
    0x6e, 0x1f, 0x30, 0xfa, 0x40, 0x2, 0x78, 0x4,
    0xca, 0x20, 0x11, 0x50, 0x83, 0xb9, 0xa0, 0x1,
    0x10, 0x0, 0x30, 0x1, 0x14, 0x68, 0x61, 0x80,
    0x16, 0x61, 0x57, 0xff, 0xb9, 0x8c, 0xdc, 0x0,

    /* U+6237 "户" */
    0x0, 0xf9, 0x44, 0x3, 0xff, 0x81, 0xec, 0x1,
    0xff, 0xc0, 0x9a, 0x0, 0xf8, 0xbf, 0xf6, 0x17,
    0xfe, 0x40, 0xd, 0xff, 0xf8, 0xc0, 0x30, 0x80,
    0x7f, 0xf3, 0x84, 0x59, 0x9f, 0x8c, 0x2, 0x72,
    0xff, 0xfc, 0x40, 0x11, 0x39, 0x9f, 0xeb, 0x60,
    0x7, 0x68, 0x7, 0xe6, 0x20, 0x2, 0x98, 0x7,
    0xfc, 0x44, 0x40, 0xf, 0xfa, 0x18, 0x3, 0xfe,
    0x25, 0x80, 0xf, 0xf8, 0xb8, 0x40, 0x3f, 0xe0,

    /* U+624B "手" */
    0x0, 0xff, 0x85, 0x0, 0x3c, 0x26, 0x8a, 0xf1,
    0x7b, 0xde, 0x60, 0x1b, 0xb3, 0xfe, 0xb3, 0xff,
    0xac, 0xc0, 0x37, 0x6e, 0x5d, 0x21, 0x21, 0x0,
    0x7f, 0xf2, 0x87, 0xff, 0x9d, 0xbf, 0xf9, 0x40,
    0x3, 0xff, 0xce, 0xdf, 0xfc, 0xa0, 0x1f, 0xfc,
    0x61, 0x1f, 0x80, 0x47, 0xc0, 0x5d, 0xde, 0x66,
    0x77, 0x78, 0xcb, 0xff, 0xce, 0xdf, 0xfe, 0x30,
    0xf, 0xfe, 0xc0, 0x8f, 0x0, 0x7f, 0xd5, 0xdc,
    0x4b, 0x0, 0xf8,

    /* U+6253 "打" */
    0x0, 0xa5, 0xc0, 0x3f, 0xf8, 0xa5, 0x99, 0xfa,
    0x0, 0x23, 0x0, 0x1f, 0x76, 0xb1, 0xee, 0x50,
    0xff, 0x96, 0x3e, 0x88, 0xb8, 0x48, 0xa1, 0xff,
    0x34, 0x7d, 0x80, 0x7f, 0xf4, 0x89, 0x40, 0x3f,
    0xc2, 0xaa, 0x8f, 0xd0, 0xf, 0xe1, 0xe9, 0x17,
    0xd8, 0x0, 0xfe, 0x1f, 0xc4, 0xf0, 0xf, 0xff,
    0x11, 0x80, 0x7c, 0x60, 0x1c, 0xfe, 0x88, 0x0,
    0x9b, 0xfd, 0x36, 0x1, 0x9f, 0xf8, 0xc0, 0x26,
    0xee, 0x7b, 0x80, 0x40,

    /* U+6307 "指" */
    0x0, 0xff, 0xe3, 0xf8, 0x5, 0xc2, 0x1, 0x84,
    0x3, 0xff, 0x80, 0x91, 0xb8, 0x40, 0x1c, 0x20,
    0x16, 0x63, 0x7b, 0xf4, 0x81, 0x3f, 0xc1, 0xde,
    0x0, 0xfc, 0x96, 0x20, 0x85, 0x4f, 0xf0, 0x7f,
    0x80, 0xc, 0x1, 0x89, 0x44, 0x3, 0xe9, 0x97,
    0x76, 0xc7, 0x40, 0xc, 0x6c, 0x2f, 0xbd, 0xdd,
    0x40, 0x5, 0xa0, 0xee, 0x6, 0xf7, 0x7a, 0xc1,
    0x6c, 0x83, 0x60, 0x4f, 0xfb, 0xb5, 0x38, 0x2f,
    0x40, 0x7, 0xff, 0x27, 0xfb, 0xb5, 0x0, 0x7f,
    0xbf, 0xbb, 0x50, 0x7, 0xf9, 0x4c, 0xf1, 0x0,
    0x57, 0xe8, 0x1, 0xbe, 0x23, 0x53, 0x80, 0x2f,
    0xec, 0x2, 0xeb, 0xbe, 0xcb, 0x0,

    /* U+636E "据" */
    0x0, 0xbc, 0x0, 0xdf, 0xdd, 0xdf, 0xe0, 0xf,
    0xcd, 0xdd, 0xde, 0x1, 0x33, 0x1, 0x94, 0x3,
    0xfe, 0xfc, 0xf, 0xd0, 0x7c, 0xce, 0xd0, 0xa,
    0x68, 0x26, 0x1, 0x37, 0x5e, 0x5b, 0x9c, 0x1,
    0xf0, 0x98, 0x88, 0x80, 0x46, 0x0, 0xe2, 0x4f,
    0x6f, 0xf7, 0xf, 0xfc, 0x80, 0x70, 0x18, 0x62,
    0xff, 0xee, 0x1f, 0xf9, 0xb, 0x44, 0x39, 0xcf,
    0x40, 0x3f, 0x17, 0x48, 0x4, 0x22, 0xee, 0x78,
    0xf7, 0x40, 0x1f, 0x22, 0x87, 0x73, 0xfb, 0x82,
    0x1, 0xe3, 0x30, 0x80, 0x7f, 0x9, 0x0, 0x26,
    0x80, 0x2, 0x3c, 0x1, 0x47, 0xb8, 0xb3, 0x0,
    0x77, 0x78, 0x40,

    /* U+63A5 "接" */
    0x0, 0x4b, 0x0, 0x75, 0x90, 0x7, 0xfc, 0xcd,
    0x7, 0x33, 0x46, 0x1, 0xfb, 0xc7, 0x68, 0x30,
    0x40, 0x11, 0xed, 0x3e, 0x2c, 0x3e, 0xcc, 0x36,
    0x73, 0x8, 0xf6, 0x9f, 0x10, 0x83, 0x0, 0x5f,
    0x0, 0x7e, 0x9f, 0xf2, 0x7f, 0x87, 0x7f, 0xc0,
    0x1c, 0x33, 0xfe, 0xd4, 0xff, 0xe0, 0x0, 0x94,
    0x70, 0x5, 0x66, 0x1, 0xe8, 0xe4, 0x7e, 0xcf,
    0xf3, 0x3f, 0xff, 0x15, 0x73, 0x78, 0xe7, 0x9d,
    0x7f, 0xb4, 0x7f, 0xc4, 0x41, 0x0, 0xce, 0x60,
    0x21, 0x32, 0x0, 0xfe, 0x7c, 0xdc, 0xd6, 0x70,
    0xf, 0xe2, 0x63, 0xa, 0x6d, 0x60, 0x0, 0xfb,
    0xa8, 0x6f, 0x67, 0xeb, 0xdf, 0x53, 0x0, 0xff,
    0x18, 0x6e, 0x4a, 0x0, 0x47, 0x8c, 0x0,

    /* U+63A7 "控" */
    0x0, 0xf, 0x0, 0x70, 0xe8, 0x7, 0xfc, 0x45,
    0x18, 0xc1, 0x14, 0x20, 0x3, 0x0, 0xbf, 0xa6,
    0x4e, 0x73, 0x2f, 0x91, 0xfd, 0x1f, 0x90, 0xeb,
    0x9b, 0xb5, 0x5d, 0x0, 0xff, 0xf, 0xcc, 0x89,
    0xf8, 0x13, 0x9, 0xa4, 0x3, 0xc8, 0xf3, 0xa0,
    0x93, 0x84, 0x20, 0x1e, 0x8a, 0xc1, 0x0, 0x25,
    0x70, 0x6, 0x1b, 0x9a, 0xe0, 0x22, 0xcd, 0xe0,
    0x35, 0xc1, 0xb0, 0x7f, 0xdc, 0xdf, 0xee, 0x28,
    0xe, 0xe0, 0xb0, 0x8b, 0x32, 0x2e, 0xcc, 0x38,
    0x1, 0xc8, 0x3, 0xff, 0xa6, 0x60, 0x1f, 0x9c,
    0x3, 0xaf, 0x5c, 0x1b, 0xbb, 0x1d, 0x77, 0x52,
    0x17, 0xf2, 0xd, 0xdd, 0xfd, 0x20,

    /* U+6478 "摸" */
    0x0, 0x1e, 0x0, 0x6e, 0x10, 0x1e, 0x0, 0xfc,
    0x75, 0x41, 0xba, 0xb1, 0xaa, 0x10, 0x7, 0x17,
    0x70, 0x3f, 0xbc, 0x3b, 0x86, 0xb, 0x62, 0xa6,
    0x50, 0x11, 0x10, 0x40, 0x8, 0x2d, 0x8a, 0x97,
    0x57, 0xee, 0x6f, 0xb0, 0x80, 0x7e, 0xbb, 0xf2,
    0x0, 0x78, 0xd0, 0x2a, 0xef, 0x90, 0x2, 0x49,
    0x3e, 0x10, 0xaa, 0xf2, 0x0, 0x6, 0xc4, 0xf5,
    0x67, 0x2f, 0x1e, 0xed, 0xea, 0x3, 0xd0, 0x1,
    0x8, 0xdc, 0xe2, 0x30, 0x4, 0x20, 0x14, 0x6e,
    0xce, 0xbf, 0xbb, 0x18, 0x7, 0x46, 0xea, 0x6,
    0x87, 0xb7, 0x46, 0x1, 0xe2, 0x9b, 0xd5, 0xbd,
    0x72, 0x0, 0x6e, 0x58, 0x5f, 0xf7, 0xc, 0x17,
    0xfd, 0x88, 0x1b, 0xee, 0x17, 0xae, 0x1, 0x86,
    0x39, 0x0,

    /* U+64AD "播" */
    0x0, 0xff, 0xe3, 0xf8, 0x2, 0xf2, 0xeb, 0xdd,
    0x50, 0x3, 0xf5, 0xb5, 0x50, 0x1d, 0xa0, 0x2,
    0x34, 0x3, 0x20, 0x36, 0x0, 0xae, 0x80, 0x3,
    0x96, 0x19, 0x21, 0x5c, 0x1, 0x2b, 0x0, 0x7,
    0xf8, 0x3f, 0xdd, 0xaf, 0xe1, 0xe7, 0xdc, 0x20,
    0x0, 0x80, 0x13, 0xb8, 0xca, 0xb, 0x3d, 0xc2,
    0x0, 0xc8, 0x80, 0x93, 0xa0, 0xad, 0xa1, 0x0,
    0x1c, 0x87, 0xfb, 0x86, 0xc0, 0xc2, 0xb7, 0xd0,
    0xfb, 0x81, 0x7f, 0xd, 0xba, 0x2d, 0xd4, 0xc2,
    0x1e, 0xb8, 0x1, 0x9, 0x37, 0x41, 0xba, 0x52,
    0x0, 0xfc, 0xb9, 0x81, 0xcc, 0x20, 0x7, 0xf2,
    0xe6, 0x7, 0x30, 0x80, 0x18, 0x40, 0x30, 0x8c,
    0x2, 0x20, 0xd, 0x5c, 0xa0, 0x12, 0xd5, 0x16,
    0xa8, 0xc0, 0x15, 0x7d, 0x0, 0x13, 0xae, 0xfb,
    0x50, 0x0,

    /* U+653E "放" */
    0x0, 0xc2, 0x1, 0xc2, 0x1, 0xf9, 0xac, 0x3,
    0x26, 0x0, 0x7e, 0x65, 0x10, 0xb, 0x10, 0x3,
    0x86, 0x66, 0x48, 0x98, 0x5, 0x13, 0x3c, 0x21,
    0xe0, 0xfb, 0xfe, 0xe2, 0x22, 0x7f, 0xb3, 0x94,
    0x5a, 0x89, 0x9b, 0x58, 0x6e, 0x60, 0x35, 0x0,
    0x23, 0xcc, 0x91, 0xd1, 0x0, 0x86, 0x1, 0x9c,
    0xbf, 0xc5, 0xcd, 0xd8, 0x18, 0x80, 0x1c, 0xc6,
    0x60, 0x88, 0x23, 0x83, 0x58, 0x6, 0x11, 0x0,
    0x4, 0xc0, 0x56, 0xc8, 0xc0, 0x36, 0x90, 0x4,
    0x20, 0xf, 0x48, 0x0, 0xe4, 0xc0, 0xf, 0x70,
    0x60, 0x6, 0x22, 0x20, 0x10, 0x80, 0x21, 0xf1,
    0x94, 0x2, 0xe9, 0x0, 0x39, 0x12, 0xd7, 0xe,
    0xa8, 0xe0, 0x6e, 0xe4, 0xfb, 0x9e, 0x2d, 0x10,
    0x4c, 0xa3, 0x35, 0x82, 0x7f, 0x2e, 0x48, 0x6,
    0x3d, 0x30,

    /* U+6570 "数" */
    0x2, 0x40, 0xb4, 0x8, 0x0, 0x58, 0x80, 0x71,
    0x48, 0x80, 0x1c, 0x0, 0x28, 0x20, 0x1c, 0x4a,
    0x8e, 0x5d, 0x62, 0xa6, 0x1, 0xe9, 0x39, 0x38,
    0x28, 0x6c, 0x3e, 0xe7, 0xf8, 0xc2, 0xec, 0xe0,
    0x65, 0x6e, 0x8f, 0xdc, 0xf, 0x30, 0x1b, 0x24,
    0x9e, 0xd3, 0x32, 0x1, 0x10, 0x2, 0xcc, 0x48,
    0x83, 0xfc, 0x50, 0x82, 0x20, 0x2, 0xc7, 0x42,
    0x40, 0x23, 0x55, 0xb7, 0x0, 0x2a, 0xfb, 0x7e,
    0xfc, 0x80, 0xb9, 0x55, 0x0, 0x57, 0x49, 0xfc,
    0xb4, 0x0, 0x31, 0x60, 0xe, 0x90, 0x25, 0x76,
    0x0, 0x19, 0x18, 0x7, 0x67, 0x65, 0x48, 0x0,
    0x7a, 0x9d, 0xc0, 0x18, 0xbc, 0xa2, 0x88, 0xf2,
    0x97, 0xa5, 0xc0, 0x19, 0xf9, 0x87, 0xe7, 0xd8,
    0x70, 0x2c, 0xa5, 0xd, 0xd3, 0x0, 0x49, 0xea,
    0x1, 0x16, 0x28,

    /* U+65AD "断" */
    0x0, 0xff, 0xe1, 0xe9, 0x18, 0x70, 0x28, 0x0,
    0xda, 0xa8, 0xa0, 0x17, 0x80, 0x50, 0x3f, 0x47,
    0x74, 0xa0, 0x13, 0x10, 0x2d, 0x80, 0xca, 0x88,
    0x7, 0x70, 0x0, 0xd8, 0x3, 0xf9, 0x36, 0xc7,
    0xe4, 0x80, 0x3f, 0x16, 0x8, 0x7e, 0x8, 0xbf,
    0xf8, 0x81, 0x94, 0xc3, 0x14, 0xc7, 0xfc, 0x5b,
    0xe4, 0x0, 0x30, 0x12, 0x73, 0x30, 0x7, 0xc3,
    0xd2, 0x11, 0x6c, 0x20, 0x1f, 0x4a, 0x90, 0x3,
    0x1, 0xc0, 0x3e, 0xe8, 0x0, 0xc4, 0x40, 0xf,
    0xc4, 0x47, 0x22, 0x67, 0x80, 0x79, 0xe3, 0xb8,
    0xbd, 0x28, 0xe0, 0x1e, 0xac, 0xce, 0x84, 0x10,
    0xf, 0xfe, 0x1, 0xd0, 0x5, 0xa4, 0x0,

    /* U+65B0 "新" */
    0x0, 0x8d, 0x80, 0x3f, 0x10, 0x7, 0x14, 0x8,
    0x4, 0x6d, 0x3d, 0xe8, 0x0, 0xee, 0x78, 0xf7,
    0x47, 0xbd, 0x9f, 0xa8, 0x0, 0xe4, 0xff, 0x97,
    0x84, 0xa1, 0x44, 0x3, 0xce, 0xa, 0x1, 0xff,
    0xc0, 0xc1, 0xf, 0xd0, 0xf, 0xe3, 0xdb, 0xaf,
    0x4b, 0xd4, 0x3f, 0xfe, 0x43, 0xdd, 0x87, 0xb7,
    0x48, 0x7f, 0xe3, 0xbf, 0x40, 0x22, 0x80, 0xc8,
    0x8c, 0xe0, 0x7, 0x0, 0x8b, 0xba, 0x1f, 0xee,
    0x11, 0x0, 0x3c, 0x59, 0x78, 0x3b, 0x58, 0x62,
    0x1, 0xf2, 0x60, 0x0, 0x68, 0xf7, 0xc0, 0x3e,
    0x98, 0x0, 0xa2, 0x51, 0x0, 0x1f, 0x41, 0x80,
    0x49, 0x22, 0x60, 0x1f, 0x29, 0x71, 0x0, 0x16,
    0xc0, 0x3e,

    /* U+65B9 "方" */
    0x0, 0xf9, 0x8c, 0x3, 0xff, 0x82, 0x30, 0x1,
    0xff, 0xc1, 0x65, 0x10, 0xf, 0x5e, 0xef, 0x61,
    0xe6, 0xee, 0xc0, 0x8e, 0xe9, 0x7, 0xbb, 0xef,
    0x3, 0x3c, 0x2a, 0x67, 0xf8, 0x3, 0x88, 0x40,
    0x3f, 0xf8, 0x2c, 0xff, 0xfe, 0x40, 0xf, 0x1d,
    0xf7, 0x70, 0xb8, 0x7, 0x20, 0x20, 0x8f, 0xc0,
    0x1d, 0xca, 0x1, 0xf1, 0x0, 0x63, 0x58, 0x0,
    0xe3, 0x10, 0xe, 0xe6, 0x20, 0xe, 0x62, 0x0,
    0x8b, 0x1a, 0x40, 0x21, 0x1, 0xe4, 0x0, 0xbd,
    0x2c, 0x2, 0x2e, 0xfe, 0x79, 0x0, 0xb6, 0x0,
    0x31, 0x7f, 0xd8, 0x20, 0x0,

    /* U+65E0 "无" */
    0x2, 0xff, 0xff, 0xe0, 0x20, 0x0, 0xbf, 0xf8,
    0xaf, 0xff, 0x90, 0x3, 0xf1, 0xb0, 0x7, 0xff,
    0x8, 0x4c, 0x3, 0xff, 0x86, 0x20, 0x1f, 0xe,
    0x67, 0x83, 0x33, 0xe2, 0x18, 0x8e, 0x53, 0x1b,
    0x88, 0xe2, 0x4, 0x4e, 0x2a, 0x13, 0x44, 0xe0,
    0xf, 0xa, 0x20, 0x3, 0xff, 0x83, 0xa, 0x40,
    0x1f, 0xfc, 0x4, 0x68, 0x0, 0xf9, 0xc4, 0x2,
    0x4b, 0xa2, 0x0, 0xfa, 0xc8, 0x1, 0x17, 0x2a,
    0x1, 0x18, 0x4, 0x26, 0x43, 0xc7, 0xac, 0x1,
    0x54, 0xff, 0xdc, 0xc2, 0x2d, 0xb2, 0x0, 0xcd,
    0xdf, 0xfa, 0x40,

    /* U+65F6 "时" */
    0x0, 0xff, 0xb8, 0x80, 0x17, 0xbb, 0x80, 0x3f,
    0xcd, 0xdb, 0xa2, 0x1, 0x1f, 0xc0, 0x1, 0x0,
    0x8f, 0xbb, 0x83, 0x38, 0x80, 0x38, 0xff, 0xf8,
    0x77, 0xc8, 0x1c, 0xcc, 0x0, 0x24, 0x0, 0xfd,
    0x31, 0x0, 0xa, 0x88, 0x3, 0xee, 0xbb, 0x0,
    0xa, 0x38, 0x3, 0xff, 0x82, 0xc0, 0xe0, 0x1f,
    0xfc, 0x1e, 0x50, 0xf, 0x67, 0x70, 0x3, 0x11,
    0x0, 0x3d, 0xbd, 0xcf, 0x0, 0xff, 0x51, 0x0,
    0x78, 0x47, 0x18, 0x1, 0xc4, 0x3, 0xdd, 0xcf,
    0x51, 0x0, 0x0,

    /* U+663E "显" */
    0x0, 0xbf, 0xb7, 0x7e, 0xf8, 0x0, 0xf7, 0x6e,
    0xfc, 0xe0, 0x1f, 0xfc, 0xbd, 0xdf, 0xcc, 0x1,
    0xf6, 0xef, 0xe6, 0x0, 0xf8, 0xc8, 0xbf, 0x0,
    0x79, 0x22, 0x7a, 0x67, 0x87, 0x40, 0x30, 0xd5,
    0xd8, 0xae, 0xc5, 0xb7, 0x66, 0x0, 0xcd, 0x60,
    0x1f, 0x8f, 0x44, 0x2, 0x77, 0x18, 0x7, 0xdd,
    0x42, 0x1, 0xa3, 0xc0, 0x3d, 0x2a, 0x80, 0x1c,
    0xbc, 0x1, 0xe8, 0x80, 0x4, 0x37, 0x74, 0xe0,
    0xdd, 0x9e, 0xea, 0xee, 0x61, 0xff, 0xd1, 0x7f,
    0xea, 0x9f, 0xfc, 0x80,

    /* U+6670 "晰" */
    0x11, 0xc0, 0xd, 0x10, 0x8, 0xe9, 0x43, 0x33,
    0x0, 0x73, 0xec, 0xfa, 0x80, 0x37, 0x40, 0x1e,
    0xac, 0xa5, 0x0, 0xf3, 0xf1, 0x74, 0x0, 0x7f,
    0x9f, 0x83, 0xa0, 0x1d, 0x56, 0x0, 0x6e, 0x80,
    0x8, 0x8, 0x0, 0xfd, 0xad, 0x0, 0x66, 0x0,
    0x18, 0x12, 0x21, 0x12, 0x50, 0x0, 0x11, 0x0,
    0xc, 0xaa, 0x4c, 0x40, 0x3f, 0x19, 0x3, 0xc8,
    0x80, 0x7f, 0x4d, 0x0, 0x4, 0x80, 0x3d, 0xdc,
    0xc, 0x30, 0x1, 0xb8, 0x7, 0xbb, 0x9a, 0xc0,
    0x12, 0xe8, 0x7, 0x50, 0x7, 0xd4, 0xa0, 0x1c,
    0xe0, 0x1e, 0x36, 0x20, 0xe,

    /* U+6682 "暂" */
    0x0, 0xff, 0xe2, 0x88, 0xa6, 0x84, 0x60, 0x24,
    0x69, 0xd4, 0x1, 0xdc, 0x66, 0x6e, 0xc7, 0xb8,
    0x3b, 0x88, 0x3, 0xa3, 0x9f, 0x79, 0x83, 0x18,
    0x74, 0x10, 0xa, 0x8a, 0x3a, 0x6e, 0xc6, 0x3d,
    0xdc, 0x41, 0x39, 0x56, 0xb5, 0x41, 0x3e, 0xe0,
    0x7f, 0x10, 0xb, 0x3e, 0x2d, 0xea, 0xb0, 0x7,
    0xd1, 0xa2, 0x65, 0x19, 0xbe, 0x1, 0xf5, 0xcb,
    0xea, 0x90, 0x12, 0x80, 0x14, 0x3, 0x8b, 0x65,
    0x37, 0x4b, 0xbb, 0x30, 0x80, 0x7b, 0x77, 0xf1,
    0x0, 0x78, 0xaa, 0xbf, 0x0, 0x7c, 0x51, 0x1f,
    0x80, 0x3f, 0x11, 0x7e, 0x0, 0xf8, 0xb7, 0x7f,
    0x0, 0x60,

    /* U+6700 "最" */
    0x0, 0x17, 0xe6, 0x7e, 0xf3, 0x0, 0xe2, 0xcc,
    0xfc, 0x40, 0x1e, 0x2b, 0xbf, 0xc4, 0x1, 0xe2,
    0xbb, 0xfc, 0x40, 0x1f, 0x66, 0x7e, 0x0, 0xf1,
    0x6e, 0x67, 0xed, 0x30, 0x1, 0x77, 0xfb, 0xb9,
    0xfe, 0xee, 0xf8, 0x89, 0xcb, 0x5d, 0xc6, 0x9f,
    0xff, 0x71, 0x0, 0x57, 0xba, 0x70, 0xde, 0xdd,
    0xbd, 0xc0, 0x35, 0xee, 0x9c, 0x30, 0xb7, 0x34,
    0x1c, 0x3, 0x5e, 0xe9, 0xc0, 0x11, 0x41, 0x50,
    0x1, 0xd7, 0xbe, 0xb8, 0x4a, 0x7c, 0x4c, 0x0,
    0x2b, 0x48, 0xc8, 0x60, 0x18, 0x57, 0x74, 0x90,
    0x15, 0x76, 0xe5, 0x26, 0xc7, 0x6c, 0xf8, 0xf8,
    0x80,

    /* U+672A "未" */
    0x0, 0xfa, 0x60, 0x3, 0xff, 0x9b, 0x9f, 0xf9,
    0x9f, 0xff, 0x70, 0x6, 0xde, 0xec, 0xcc, 0xee,
    0xde, 0x1, 0x84, 0x78, 0x4, 0x7c, 0x1, 0xff,
    0xc7, 0xff, 0xf3, 0x3f, 0xff, 0x80, 0x1d, 0xdc,
    0xa0, 0x6, 0xee, 0xe0, 0x0, 0x8e, 0x76, 0x56,
    0x57, 0x11, 0xc0, 0x1c, 0xd7, 0xa6, 0x3b, 0x6c,
    0x1, 0xf4, 0xde, 0x8, 0x0, 0x72, 0xe4, 0x3,
    0x26, 0x96, 0x8, 0x6, 0x1c, 0x2d, 0x40, 0x2a,
    0xbb, 0x8, 0x7, 0x86, 0xed, 0x44, 0x4e, 0x60,
    0xf, 0xf3, 0x71, 0x0,

    /* U+6982 "概" */
    0x0, 0x34, 0x84, 0xf7, 0x3c, 0xff, 0xf5, 0x80,
    0x7d, 0xbc, 0x66, 0xff, 0x3d, 0x58, 0x0, 0x44,
    0x62, 0x1, 0xca, 0x62, 0x20, 0x0, 0xec, 0xa6,
    0x87, 0x61, 0x87, 0x80, 0x70, 0xe3, 0xa6, 0x7,
    0x61, 0x83, 0x99, 0x30, 0x6, 0x45, 0x20, 0xc,
    0x20, 0x6, 0x30, 0x8, 0x48, 0x92, 0x1f, 0x66,
    0xe5, 0xc5, 0xfc, 0x0, 0x41, 0x41, 0x9, 0x96,
    0xb7, 0xd1, 0xf7, 0x0, 0x1c, 0xe1, 0x40, 0xce,
    0xe0, 0x6, 0x99, 0x0, 0x9, 0xbc, 0x3, 0x24,
    0x0, 0x1c, 0xc0, 0x26, 0x80, 0xc, 0xba, 0x8,
    0xec, 0xe0, 0x12, 0x28, 0x4, 0x95, 0xdc, 0x1a,
    0x90, 0x4, 0x80, 0x7a, 0xb0, 0x8e, 0x78, 0x40,
    0x6, 0x1, 0xe7, 0x0, 0x45, 0x18, 0x1e, 0x0,
    0x66, 0x90, 0xd, 0xc, 0x0, 0x8e, 0xa0,

    /* U+6B21 "次" */
    0x0, 0xf9, 0xc8, 0x3, 0xf2, 0x8, 0x6, 0x81,
    0x0, 0xfd, 0xbe, 0xa0, 0x4, 0x13, 0x0, 0xfd,
    0x35, 0x6c, 0x1a, 0x3b, 0xbd, 0xd2, 0x1, 0x27,
    0xb8, 0x3c, 0xf7, 0x72, 0x88, 0x6, 0x11, 0x31,
    0xb1, 0xf3, 0x99, 0x96, 0x80, 0x38, 0x62, 0x0,
    0x1c, 0xa4, 0x40, 0xe, 0x1b, 0x50, 0x1, 0x88,
    0x2, 0x0, 0x39, 0xa9, 0x40, 0x4, 0x3e, 0xa,
    0x80, 0x18, 0x66, 0x40, 0x12, 0x92, 0x0, 0x7d,
    0x4c, 0x60, 0x15, 0x5b, 0xc0, 0x7, 0x3a, 0xc0,
    0x5, 0x2, 0xd6, 0xc4, 0x1, 0xc, 0x50, 0x80,
    0x21, 0xb8, 0xa, 0x70, 0x80, 0x3, 0xa8, 0x5,
    0x6b, 0x84, 0x0, 0x76, 0xd7, 0x0, 0x10, 0x3,
    0x8f, 0x48, 0x3, 0x45, 0xe0, 0x80, 0x6c, 0x80,
    0xf, 0x92, 0xc4,

    /* U+6B63 "正" */
    0x0, 0x8, 0xff, 0xf0, 0x0, 0x28, 0xee, 0xff,
    0xe0, 0x48, 0x2, 0x3f, 0xfb, 0x47, 0xff, 0xa4,
    0x3, 0xff, 0x90, 0xa0, 0x1f, 0xfc, 0x3b, 0x20,
    0xf, 0xfe, 0x38, 0xff, 0xf0, 0x7, 0xfd, 0xdd,
    0xc0, 0x1f, 0xe1, 0x1f, 0x0, 0x7f, 0xf9, 0x86,
    0xec, 0x3d, 0x76, 0xe1, 0xbb, 0xf1, 0xf, 0xfa,
    0xe3, 0xfd, 0x17, 0xff, 0xe2,

    /* U+6B65 "步" */
    0x0, 0xf9, 0xac, 0x3, 0xfa, 0x1c, 0x2, 0x4d,
    0xdc, 0xa0, 0x18, 0x40, 0x32, 0x7f, 0xe4, 0x0,
    0xff, 0x11, 0x61, 0x0, 0x22, 0xb, 0x51, 0x1e,
    0xe8, 0x9e, 0x8, 0x83, 0xb4, 0x41, 0xca, 0x23,
    0xbc, 0x33, 0x2f, 0xf6, 0x4b, 0xe6, 0x5d, 0x96,
    0x1, 0xe, 0xb8, 0x7, 0xe, 0x28, 0x6, 0xd6,
    0x40, 0xe, 0xb4, 0x50, 0x0, 0xe3, 0x40, 0x7,
    0x4a, 0x58, 0x4, 0x6b, 0x40, 0x18, 0xb1, 0x7c,
    0x40, 0x22, 0x90, 0x8, 0xbd, 0x17, 0x4, 0x3,
    0xc6, 0xd7, 0xa3, 0xb2, 0x1, 0xec, 0xfd, 0xcd,
    0xe9, 0x20, 0xf, 0xbf, 0xb9, 0x4c, 0x20, 0x1f,
    0x80,

    /* U+6D88 "消" */
    0x4, 0x91, 0x1, 0x50, 0x0, 0xf0, 0x0, 0xd0,
    0x13, 0xfc, 0xa3, 0xa, 0x1, 0xdc, 0x1, 0x36,
    0x30, 0x75, 0x80, 0x67, 0x44, 0x0, 0x44, 0x60,
    0x76, 0x1, 0x8e, 0x40, 0x75, 0x40, 0x2e, 0xaf,
    0xe1, 0xfb, 0xf1, 0x17, 0x45, 0x0, 0x5b, 0xff,
    0xc2, 0x0, 0x3d, 0xc0, 0xf, 0xfe, 0x13, 0x0,
    0x5b, 0xdd, 0xc2, 0x1, 0x90, 0xc0, 0x1b, 0xdd,
    0xc2, 0x1, 0xa1, 0x40, 0x3f, 0xf8, 0x8, 0x2c,
    0x0, 0xce, 0xee, 0x10, 0xa, 0x60, 0x2, 0xce,
    0xee, 0x10, 0x3, 0x8a, 0x80, 0x7c, 0x23, 0x0,
    0x7, 0xc0, 0x3f, 0x6f, 0xa8, 0x80,

    /* U+6E05 "清" */
    0x6, 0x70, 0xf, 0x69, 0x80, 0x79, 0xfb, 0x85,
    0xbb, 0x8b, 0xb7, 0x66, 0x0, 0xc, 0xe9, 0x6e,
    0xe2, 0xed, 0xd9, 0x80, 0x31, 0x84, 0x66, 0x45,
    0xd9, 0x90, 0x81, 0x38, 0x5, 0x19, 0x91, 0x76,
    0x64, 0x20, 0x7b, 0xa3, 0x8d, 0xdc, 0x1d, 0xbb,
    0x84, 0x55, 0x6b, 0x1b, 0xff, 0xf6, 0x68, 0x80,
    0x19, 0x80, 0x99, 0x33, 0xdd, 0x60, 0x1c, 0x80,
    0x5, 0xbb, 0xe9, 0x0, 0xe1, 0xb2, 0x5, 0xcc,
    0xe8, 0x0, 0xe9, 0x52, 0x4, 0xcc, 0xe8, 0x0,
    0xc2, 0xf0, 0x0, 0x5d, 0xde, 0xb0, 0xd, 0xa,
    0x40, 0x5, 0xdd, 0xeb, 0x0, 0xc3, 0x0, 0x1f,
    0x27, 0x5e, 0x0, 0x0,

    /* U+6E90 "源" */
    0x3, 0x30, 0x7, 0xff, 0x9, 0xb6, 0x3, 0x3f,
    0xff, 0x80, 0xb, 0x88, 0x80, 0xbf, 0xf9, 0xbb,
    0xfe, 0x0, 0x8b, 0x10, 0x3, 0x1b, 0x88, 0x7,
    0xfd, 0x9b, 0xa1, 0xdd, 0x84, 0x13, 0x10, 0x3,
    0x16, 0x77, 0xee, 0x8c, 0x0, 0x93, 0x4e, 0x2,
    0xe1, 0x73, 0x38, 0x40, 0x25, 0xe6, 0x0, 0xdd,
    0x77, 0x84, 0x3, 0x84, 0x8, 0x80, 0xa4, 0x58,
    0x3, 0xcc, 0x0, 0x12, 0xcd, 0xfd, 0xd1, 0x80,
    0x65, 0xb4, 0x30, 0xdc, 0xd1, 0xcf, 0xc1, 0x0,
    0xa6, 0x31, 0x2, 0xdc, 0x2, 0x5d, 0x0, 0x90,
    0x95, 0x58, 0x8c, 0xc0, 0x9, 0xc2, 0x0, 0x13,
    0xa, 0x9, 0xfc, 0x1, 0xde, 0x60, 0x5, 0x62,
    0x90, 0xb2, 0xbe, 0x21, 0x3, 0xb0,

    /* U+6EE1 "满" */
    0x2, 0x50, 0xd, 0x2c, 0x0, 0xd2, 0x0, 0xe9,
    0xb4, 0xaa, 0x25, 0xd5, 0xa, 0x6a, 0x80, 0x2,
    0xc2, 0x79, 0x93, 0x2c, 0xc8, 0x7a, 0x64, 0x1,
    0xa4, 0x84, 0x59, 0xa2, 0x27, 0x61, 0x10, 0x1,
    0x0, 0x9, 0xdc, 0xba, 0xee, 0x37, 0xf7, 0x0,
    0x7f, 0x4d, 0x73, 0x21, 0xcd, 0x3c, 0xc8, 0x6,
    0xe4, 0x1, 0xdd, 0xf, 0x70, 0xfb, 0x90, 0x1,
    0x21, 0x80, 0xf6, 0x1f, 0x5b, 0x74, 0x8, 0x6,
    0x81, 0x0, 0x38, 0x0, 0xc8, 0x3, 0xc6, 0xc2,
    0x0, 0xf0, 0x8c, 0x76, 0x0, 0xe9, 0x60, 0x2,
    0xbe, 0x3, 0x6c, 0x8, 0x4, 0x6b, 0x20, 0xd,
    0xe0, 0x49, 0x1c, 0x10, 0xb, 0xdc, 0x40, 0x10,
    0x61, 0xa8, 0x4, 0x1, 0xaa, 0x0, 0x3c, 0x20,
    0x77, 0x58, 0x0,

    /* U+70B9 "点" */
    0x0, 0xf9, 0xe0, 0x3, 0xff, 0x86, 0xfb, 0xbc,
    0xe0, 0x1f, 0xcd, 0xff, 0xcc, 0x1, 0xfc, 0x24,
    0x5c, 0x20, 0x10, 0xdd, 0xea, 0x6b, 0xbc, 0x60,
    0x1c, 0x9f, 0xf4, 0xd7, 0xfc, 0xcc, 0x0, 0xe1,
    0x44, 0xfc, 0x20, 0x1f, 0xfc, 0xa1, 0x44, 0xfc,
    0x20, 0x1e, 0x4f, 0xff, 0xcc, 0xc0, 0xc, 0x35,
    0x77, 0xfa, 0x4c, 0x3, 0x26, 0x1, 0xd8, 0x3,
    0x44, 0x2e, 0x40, 0x34, 0xc0, 0x12, 0x0, 0x16,
    0x42, 0x51, 0x40, 0x14, 0xea, 0x2, 0x2, 0x16,
    0xa0, 0x9, 0xb0, 0x7, 0x50, 0x5, 0x82, 0x7,
    0xe0, 0x4, 0xc0,

    /* U+7247 "片" */
    0x0, 0xf, 0x80, 0x63, 0xe0, 0xf, 0xfe, 0xd9,
    0x16, 0x60, 0x22, 0xc2, 0x1, 0xb7, 0x75, 0xe,
    0xee, 0x60, 0xd, 0xff, 0xfe, 0x70, 0xf, 0xfe,
    0x29, 0x82, 0x27, 0xe0, 0xe, 0x60, 0x88, 0xf4,
    0xd0, 0x7, 0x1a, 0x66, 0x7b, 0xc0, 0x3d, 0x7a,
    0x1, 0xff, 0xc0, 0x33, 0x20, 0x7, 0xff, 0x3,
    0x98, 0x80, 0x3f, 0xe1, 0x69, 0x0, 0xff, 0xe0,
    0x0,

    /* U+72B6 "状" */
    0x0, 0xff, 0xe4, 0x78, 0x80, 0x56, 0x82, 0x80,
    0x1f, 0xfc, 0x21, 0x85, 0x0, 0xb5, 0x0, 0x3f,
    0xb6, 0xc8, 0x1, 0xf4, 0x40, 0x1f, 0x87, 0x8,
    0x0, 0x50, 0xa0, 0xfb, 0xb2, 0x56, 0xeb, 0xf4,
    0x2, 0x67, 0x4, 0xee, 0x85, 0x3b, 0xb0, 0x7,
    0x8c, 0xf0, 0xb9, 0x9e, 0x0, 0x87, 0x0, 0x31,
    0x90, 0x8, 0x7, 0x16, 0x58, 0x6, 0xb4, 0x59,
    0x0, 0xc5, 0x96, 0xe0, 0x19, 0xaa, 0x8c, 0x1,
    0x8e, 0xd8, 0x3, 0x39, 0x19, 0x24, 0x80, 0x42,
    0xa0, 0x18, 0xa7, 0xc0, 0x16, 0xea, 0x1, 0xf1,
    0x64, 0x98, 0x0, 0x6a, 0x8e, 0x1, 0xeb, 0x67,
    0x0, 0xc9, 0x96, 0x20, 0x1b, 0xe2, 0x0, 0x1e,
    0x3c, 0x10,

    /* U+7528 "用" */
    0x0, 0x84, 0x7f, 0xe0, 0x5, 0xf7, 0x7f, 0xbc,
    0x2, 0xbf, 0xf8, 0x77, 0xfe, 0xe0, 0xf, 0xfe,
    0x34, 0xe6, 0x43, 0xd9, 0x96, 0x80, 0x6a, 0x88,
    0x86, 0xa2, 0x29, 0x0, 0xc6, 0x89, 0x2, 0x27,
    0x0, 0x4c, 0x1, 0xff, 0xc1, 0x3b, 0xee, 0x87,
    0x3b, 0xaf, 0x0, 0x87, 0x7f, 0xe1, 0xdf, 0xfb,
    0x40, 0x4, 0x50, 0x8c, 0x2, 0x38, 0x80, 0xa,
    0x80, 0x1f, 0xf0, 0xcd, 0x80, 0x7f, 0x18, 0x33,
    0x8, 0x3, 0xc3, 0xfe, 0xd7, 0x74, 0x0, 0x77,
    0x10, 0xff, 0xd2,

    /* U+7535 "电" */
    0x0, 0xee, 0x30, 0xf, 0x84, 0x78, 0x1c, 0x47,
    0x80, 0x1f, 0xdd, 0x86, 0xfb, 0xb7, 0x80, 0x5b,
    0xff, 0xe, 0x7f, 0xda, 0x1, 0xff, 0xc6, 0xfd,
    0xd8, 0x7b, 0x76, 0xf0, 0xd, 0x1f, 0xf0, 0xc7,
    0xfd, 0x0, 0x19, 0xc8, 0xa0, 0x62, 0x29, 0xc0,
    0x30, 0x8e, 0x7, 0x11, 0xc0, 0x1b, 0x3b, 0xa1,
    0xbe, 0xeb, 0x0, 0x23, 0xdf, 0xf8, 0x73, 0xff,
    0x73, 0x16, 0x90, 0x7, 0xfb, 0x5c, 0x3, 0x8d,
    0x4, 0x71, 0x23, 0x80, 0x75, 0xcf, 0x76, 0xd6,
    0x20,

    /* U+7559 "留" */
    0x0, 0x89, 0xec, 0x40, 0x3f, 0x57, 0x73, 0xe0,
    0x7f, 0xfc, 0xe2, 0x9d, 0x90, 0x61, 0xfe, 0x2f,
    0xf2, 0x88, 0x6, 0x93, 0x0, 0x1b, 0x0, 0x4,
    0xc0, 0x36, 0x78, 0x1, 0x30, 0x2, 0x13, 0x0,
    0x19, 0x1a, 0x5, 0x28, 0x1, 0x9d, 0x7, 0xb7,
    0x9b, 0xe5, 0x8, 0x86, 0x46, 0x4f, 0xbd, 0x32,
    0x2, 0x90, 0x9f, 0x90, 0x48, 0x12, 0x2a, 0x20,
    0x44, 0x9e, 0x60, 0x1, 0xec, 0xcd, 0xfb, 0x33,
    0x69, 0x80, 0x45, 0x77, 0x79, 0x5d, 0xc4, 0x1,
    0x8b, 0x77, 0x1e, 0xec, 0x40, 0x18, 0xb7, 0x71,
    0xee, 0xc4, 0x1, 0x8c, 0x2, 0x70, 0xc, 0x60,
    0x18, 0x77, 0x69, 0x1d, 0xd8, 0x2,

    /* U+76C8 "盈" */
    0x7, 0xee, 0x7f, 0xbb, 0xb7, 0xf8, 0x3, 0x9f,
    0xb8, 0x95, 0xdd, 0xb0, 0xc0, 0x3f, 0x2e, 0xb3,
    0x46, 0x8a, 0x1, 0xf1, 0x80, 0x3b, 0x96, 0x98,
    0xdd, 0xc9, 0x0, 0xd5, 0x3d, 0x52, 0x6d, 0x7f,
    0xd2, 0x20, 0x11, 0x3b, 0x1f, 0xeb, 0x8, 0x5,
    0xdc, 0x0, 0xa5, 0x85, 0x50, 0x54, 0x80, 0x24,
    0x20, 0x5, 0x8c, 0x2f, 0x6, 0xc7, 0x26, 0xe8,
    0x10, 0x0, 0x74, 0x9, 0xf2, 0xb, 0x89, 0x98,
    0xd0, 0xa, 0xf, 0xf3, 0x1f, 0xdb, 0xfd, 0x9f,
    0x40, 0x1c, 0x9b, 0xa0, 0xed, 0x5a, 0xdb, 0x0,
    0xff, 0xeb, 0x8f, 0xe2, 0x7f, 0x83, 0xfc, 0xb7,
    0xf4, 0xbe, 0xe0,

    /* U+77E5 "知" */
    0x0, 0x8, 0x7, 0xff, 0xb, 0x54, 0x3, 0xff,
    0x80, 0x26, 0xe0, 0x19, 0x77, 0x78, 0x81, 0xc3,
    0x7f, 0xe9, 0x37, 0xff, 0x8c, 0x1, 0x76, 0xf0,
    0xff, 0x48, 0x19, 0x14, 0x0, 0x61, 0x40, 0xf,
    0xfe, 0x3, 0x68, 0x8, 0x7, 0xfc, 0xdd, 0xfc,
    0x1f, 0xf0, 0x80, 0x79, 0xbf, 0xd6, 0x5f, 0xf0,
    0x80, 0x7f, 0x9, 0x90, 0x7, 0xff, 0x3, 0xd3,
    0x8, 0x3, 0xfc, 0x29, 0x51, 0x82, 0x1, 0xfd,
    0x6c, 0xc, 0xcd, 0x7, 0xbb, 0x84, 0x1, 0x9,
    0x20, 0x8, 0xf0, 0x5f, 0xf8, 0x0, 0xad, 0xa2,
    0x1, 0x18, 0x12, 0x24, 0x60, 0xb8, 0x60, 0x1c,
    0xd2, 0x1, 0x61, 0x0,

    /* U+793A "示" */
    0x0, 0x84, 0x7f, 0xc0, 0x1d, 0x3d, 0xdf, 0xe9,
    0x0, 0xd3, 0xff, 0xfe, 0x90, 0xf, 0xfe, 0x38,
    0x8f, 0xff, 0x8, 0x1, 0xdd, 0xff, 0xc2, 0x0,
    0x7f, 0xf9, 0xdb, 0xff, 0xc0, 0x18, 0x90, 0x3,
    0xc8, 0x1, 0xf4, 0xe0, 0x7, 0xb6, 0x80, 0x39,
    0x16, 0x0, 0x3d, 0x2e, 0xc0, 0x11, 0x55, 0x80,
    0x7e, 0xe9, 0x10, 0x1f, 0x65, 0x0, 0xfc, 0x69,
    0x20, 0x37, 0x0, 0x1, 0x11, 0x0, 0x74, 0xe0,
    0x1, 0x80, 0x7, 0xdc, 0x4d, 0x0, 0xc4, 0x80,

    /* U+7A33 "稳" */
    0x0, 0xff, 0xe3, 0xa4, 0xd0, 0x2, 0xd4, 0x3,
    0xe9, 0xeb, 0x1b, 0x4, 0x45, 0xf7, 0x3c, 0x40,
    0x28, 0xe3, 0xb1, 0x14, 0xef, 0x72, 0x10, 0x40,
    0x21, 0x0, 0xdb, 0x44, 0x0, 0xb8, 0x0, 0xfc,
    0x2d, 0x3d, 0xd1, 0x6f, 0x0, 0x7, 0xb8, 0x7b,
    0xf7, 0xdd, 0xbf, 0x80, 0x21, 0xec, 0xb, 0xe1,
    0xaa, 0xf0, 0x80, 0x6a, 0xb, 0x10, 0x88, 0xf0,
    0x80, 0x65, 0x14, 0x80, 0x22, 0xf0, 0x6, 0x57,
    0x29, 0x56, 0xee, 0xf0, 0x6, 0x89, 0x0, 0x63,
    0x77, 0x36, 0x7b, 0xa0, 0x2, 0x39, 0x80, 0x54,
    0x7c, 0x78, 0xc1, 0x84, 0x9, 0x60, 0x11, 0x31,
    0x0, 0x28, 0xcd, 0x50, 0x0, 0x10, 0xa, 0x64,
    0x1, 0xa, 0xc2, 0xa1, 0x0, 0x74, 0x28, 0x97,
    0x74, 0xc7, 0x84,

    /* U+7AEF "端" */
    0x0, 0x25, 0x0, 0x12, 0xc0, 0x1a, 0x0, 0x1e,
    0x0, 0x91, 0xcc, 0x3, 0xfe, 0x18, 0x83, 0xd4,
    0x10, 0x7, 0xfb, 0xfd, 0xbd, 0xe6, 0x9f, 0xe2,
    0xff, 0x70, 0x0, 0x44, 0xae, 0x60, 0xbf, 0xff,
    0x70, 0x0, 0x50, 0xc, 0x33, 0x77, 0xf3, 0x1,
    0x70, 0x71, 0x77, 0xfb, 0x8f, 0xff, 0x38, 0x39,
    0x81, 0x39, 0x14, 0xa, 0x45, 0x84, 0xd, 0xc1,
    0x89, 0xbf, 0xd8, 0x9f, 0xf8, 0x40, 0x44, 0x2,
    0x0, 0x7f, 0x2f, 0x4d, 0xf2, 0x0, 0xa1, 0x82,
    0x7c, 0x3, 0xf8, 0xb2, 0xad, 0x70, 0x40, 0x3f,
    0x8a, 0x7b, 0x65, 0x78, 0x3, 0xfc, 0xa2, 0x1,
    0xe6, 0x2, 0x1d, 0x1, 0x0, 0xf3, 0x40, 0x58,
    0x49, 0xee, 0x80,

    /* U+7B49 "等" */
    0x0, 0x94, 0x3, 0x90, 0x40, 0x3e, 0x58, 0x0,
    0xc3, 0x66, 0x1, 0xf4, 0x97, 0xf7, 0x50, 0x1b,
    0xfd, 0xd1, 0x84, 0x37, 0x8e, 0x74, 0x3f, 0x70,
    0x7f, 0xb8, 0x60, 0x54, 0x10, 0xc1, 0xee, 0x22,
    0x84, 0x0, 0xd4, 0xdb, 0x73, 0xae, 0xdb, 0xab,
    0x8c, 0x0, 0xcd, 0xbb, 0xa5, 0x37, 0x76, 0x0,
    0x7f, 0x8, 0x80, 0x3e, 0x1e, 0xef, 0x42, 0x77,
    0xfb, 0xba, 0x61, 0xee, 0xff, 0x7, 0x74, 0xc1,
    0x1f, 0xff, 0xb8, 0x3f, 0xe0, 0x4, 0x7f, 0x93,
    0x3f, 0xf7, 0x7, 0xfc, 0x1, 0xdf, 0xac, 0x1,
    0xff, 0xc1, 0x4c, 0x81, 0x0, 0x18, 0x7, 0xf8,
    0xb8, 0x6b, 0xf5, 0x80, 0x30,

    /* U+7CFB "系" */
    0x0, 0xff, 0x88, 0x3, 0x84, 0x91, 0x5a, 0x2b,
    0x3f, 0xcc, 0x1, 0x6e, 0x77, 0xc4, 0xff, 0x73,
    0xf5, 0x80, 0x2d, 0xd6, 0x78, 0xeb, 0xa1, 0x30,
    0x7, 0xcf, 0xfa, 0x40, 0x9d, 0xe0, 0x1e, 0xd8,
    0x1a, 0xcd, 0xaa, 0x48, 0x7, 0xae, 0xa4, 0xcc,
    0xfe, 0x90, 0x20, 0x1c, 0xcf, 0x9, 0x94, 0x21,
    0xb8, 0x20, 0x11, 0xd6, 0x8d, 0xda, 0x6a, 0xe4,
    0xb0, 0x2, 0xf6, 0x53, 0x0, 0x37, 0x47, 0x7a,
    0x50, 0x3, 0x31, 0x3e, 0xf4, 0x28, 0x2a, 0x13,
    0x20, 0x8, 0xf4, 0x80, 0x31, 0x65, 0x89, 0x80,
    0x13, 0x61, 0x0, 0x3a, 0xcb, 0x4, 0xe, 0xe9,
    0x80, 0x2, 0x1, 0xa5, 0x70, 0xf, 0x90, 0x17,
    0xf1, 0xc0, 0x34, 0x60, 0x0,

    /* U+7EDF "统" */
    0x0, 0x88, 0x40, 0x30, 0x98, 0x7, 0xe8, 0xb0,
    0xc, 0x5a, 0x1, 0xf0, 0xac, 0x0, 0x63, 0x54,
    0x0, 0xf4, 0x29, 0x3, 0xf7, 0x3d, 0x2b, 0xba,
    0x10, 0x27, 0xb2, 0xc7, 0xef, 0x1b, 0xef, 0xee,
    0x8, 0x74, 0x9c, 0xa8, 0x2, 0x99, 0x3, 0xc,
    0x0, 0xa7, 0x18, 0xb2, 0xe, 0xe8, 0x1, 0xbe,
    0x0, 0x2e, 0xf0, 0x50, 0x4c, 0x17, 0x73, 0x28,
    0x60, 0x0, 0x55, 0x28, 0x15, 0x6f, 0x9d, 0x5b,
    0xa1, 0x0, 0x4a, 0xf6, 0x60, 0xd1, 0x8c, 0x28,
    0x86, 0x40, 0xdd, 0x3b, 0xf0, 0x2, 0x10, 0xf,
    0x1f, 0x53, 0x98, 0x1, 0x8, 0x3, 0xf8, 0xe3,
    0x34, 0x39, 0x40, 0x3a, 0x88, 0xfb, 0x81, 0xfa,
    0xe9, 0x20, 0x1c, 0xe0, 0x79, 0xb0, 0x77, 0x6c,
    0x10, 0x2, 0x67, 0x89, 0x1, 0x0, 0x55, 0x84,
    0x1, 0x4f, 0xfb, 0x0,

    /* U+7F6E "置" */
    0x1, 0xfc, 0xc7, 0x73, 0x31, 0xdc, 0xcc, 0x7a,
    0x0, 0x43, 0x98, 0x87, 0xcc, 0x3c, 0x66, 0xc,
    0x3, 0xd, 0x54, 0x95, 0x44, 0xaa, 0x88, 0x2,
    0x1d, 0x88, 0x77, 0xb6, 0xff, 0x44, 0x31, 0x0,
    0x19, 0xff, 0xc7, 0x3f, 0xfd, 0x40, 0xc, 0xdd,
    0xd8, 0x1d, 0xbb, 0xd4, 0x1, 0xb3, 0x17, 0xa3,
    0x77, 0x65, 0x80, 0x78, 0xa2, 0x1f, 0xb1, 0x14,
    0xb0, 0x7, 0xc6, 0xab, 0xed, 0x0, 0xfd, 0x99,
    0xf1, 0x80, 0x7e, 0xaa, 0xfa, 0x40, 0x3f, 0x55,
    0x7d, 0x20, 0x1f, 0xaa, 0xbe, 0x90, 0xe, 0xcc,
    0xe, 0x67, 0xde, 0x59, 0x81,

    /* U+804A "聊" */
    0x0, 0xfe, 0x71, 0x0, 0xc9, 0xff, 0xc6, 0x6d,
    0xd0, 0x7, 0x24, 0xc7, 0xcc, 0x83, 0x66, 0x87,
    0x7b, 0x98, 0x1, 0xe7, 0x72, 0x50, 0x1f, 0x70,
    0x40, 0x1c, 0x5c, 0x1, 0x90, 0x3, 0xe7, 0xe5,
    0x0, 0xff, 0xe0, 0x4e, 0x58, 0x7, 0xff, 0x3e,
    0x3a, 0x40, 0x3f, 0xf8, 0x11, 0xd2, 0x1, 0xff,
    0xc3, 0x12, 0x5b, 0x50, 0xe, 0x2c, 0xab, 0x89,
    0xeb, 0x23, 0x0, 0x46, 0xb8, 0x94, 0x4c, 0xa2,
    0xe, 0x92, 0x0, 0x8d, 0xa3, 0x85, 0x21, 0x0,
    0x55, 0x4, 0x3, 0xfe, 0x8c, 0x70, 0xf, 0xf3,
    0x32, 0x18, 0x2, 0xe0, 0x8,

    /* U+80CC "背" */
    0x0, 0xee, 0x20, 0x2e, 0x0, 0xa, 0x80, 0x5b,
    0xb8, 0x40, 0x21, 0x7c, 0xc1, 0x8, 0x3, 0x77,
    0x8, 0x7, 0x76, 0xb8, 0x80, 0x61, 0x41, 0x0,
    0x85, 0xc8, 0x1, 0x20, 0x77, 0xdf, 0xc0, 0x18,
    0x59, 0x54, 0xce, 0x5, 0xdf, 0xd4, 0x40, 0x2,
    0x7d, 0xee, 0x6d, 0x80, 0xa8, 0xf6, 0x87, 0xee,
    0x95, 0x98, 0xb6, 0xa0, 0x1d, 0xfb, 0xbe, 0xf0,
    0xf, 0xdf, 0x99, 0xef, 0x0, 0xfd, 0xf9, 0x9e,
    0xf0, 0xf, 0xc2, 0x3f, 0x30, 0x7, 0xe8, 0xaa,
    0xf7, 0x80, 0x7e, 0x9b, 0xbf, 0x48, 0x7, 0xff,
    0x5, 0xbb, 0x1c, 0x3, 0xdc, 0x40, 0x19, 0xbb,
    0x92, 0x1, 0x0,

    /* U+89C8 "览" */
    0x0, 0xfc, 0x20, 0x1c, 0x3c, 0x0, 0xe1, 0x0,
    0x61, 0x80, 0x7f, 0xc8, 0x59, 0xdd, 0x68, 0x7,
    0xd1, 0x54, 0x8e, 0xe6, 0x80, 0x79, 0xdc, 0xad,
    0x2c, 0x0, 0x19, 0x0, 0xcb, 0x20, 0x75, 0x26,
    0x0, 0x70, 0x2, 0x81, 0x10, 0x0, 0xb0, 0x60,
    0x16, 0xfa, 0x77, 0xff, 0x40, 0x7, 0x6f, 0xfb,
    0x75, 0xff, 0x0, 0x7f, 0x42, 0x80, 0x7f, 0xf0,
    0x4, 0x40, 0x1f, 0xf1, 0x26, 0x40, 0x7, 0xd8,
    0x44, 0xf7, 0x20, 0xb, 0xc1, 0x80, 0xb, 0x59,
    0x70, 0x2, 0x1, 0x15, 0xc7, 0x46, 0x73, 0x6,
    0x3f, 0xf7, 0x36, 0xa7, 0xf1, 0x80, 0x24, 0xef,
    0xee, 0x7b, 0x80,

    /* U+89E6 "触" */
    0x0, 0xff, 0xe3, 0xf0, 0x7, 0xde, 0x20, 0x1c,
    0xc3, 0xbd, 0xc0, 0xf, 0xfb, 0x6f, 0x51, 0xc0,
    0x4c, 0xc0, 0xa6, 0x60, 0x2, 0xa9, 0x8d, 0x68,
    0x5b, 0x78, 0x27, 0xb8, 0x0, 0xb1, 0x9c, 0x48,
    0xd0, 0x8d, 0x1d, 0xc0, 0xb, 0x4a, 0xca, 0xe8,
    0x3, 0xfc, 0x65, 0x65, 0x7a, 0x1, 0xff, 0xd,
    0x15, 0x70, 0x3, 0x60, 0x62, 0x0, 0x18, 0xc4,
    0x4, 0xc1, 0x37, 0x83, 0xfd, 0x0, 0x1, 0x2d,
    0x2d, 0xc0, 0x36, 0x60, 0x30, 0xa8, 0x0, 0xd3,
    0x4b, 0x70, 0x3, 0xdc, 0xc0, 0x7, 0x30, 0xf,
    0xe5, 0xfb, 0x0, 0x6e, 0x0, 0x74, 0xe7, 0x5,
    0xd0, 0x18, 0x22, 0x0, 0xb, 0xe8, 0x37, 0x5d,
    0xf9, 0x76, 0xd, 0x0, 0x6a, 0xf4, 0x41, 0xd0,
    0x40, 0xd, 0x0,

    /* U+8BBE "设" */
    0x0, 0x8, 0x7, 0xff, 0xe, 0xa0, 0x2, 0x1f,
    0xfd, 0xc0, 0x1d, 0x4b, 0x0, 0x10, 0xff, 0xb8,
    0x3, 0xc3, 0xe8, 0x0, 0x33, 0x0, 0x7f, 0x8b,
    0x0, 0x8, 0xe0, 0x1f, 0x88, 0xa0, 0x0, 0xc4,
    0x80, 0x4, 0x48, 0x80, 0x3f, 0xf6, 0x81, 0xfc,
    0x98, 0x5, 0x1d, 0xc1, 0x3d, 0xd0, 0x0, 0xad,
    0x84, 0x73, 0x5d, 0x8, 0x7, 0xc, 0xf7, 0xff,
    0x71, 0x80, 0x7d, 0x85, 0x9d, 0xd5, 0xa1, 0x80,
    0x7e, 0x8e, 0x0, 0xd, 0xf8, 0x7, 0xc4, 0xa,
    0xd4, 0x3b, 0x28, 0x1, 0xe7, 0xc1, 0xa, 0x6e,
    0x57, 0x0, 0xe3, 0xb, 0xf1, 0x14, 0x92, 0xbb,
    0x80, 0x3a, 0xdf, 0xb, 0x3c, 0x3e, 0xb7, 0x3e,
    0xc8, 0x1, 0x10, 0x3, 0x9e, 0x91, 0x3, 0xbe,
    0xd2,

    /* U+8BE2 "询" */
    0x0, 0xfc, 0x80, 0x1f, 0xd8, 0x80, 0x11, 0xd8,
    0x7, 0xf7, 0xd1, 0x80, 0x25, 0x80, 0x3f, 0x8e,
    0xac, 0x5, 0x5b, 0xff, 0xc0, 0x19, 0x20, 0x29,
    0xff, 0xfb, 0x80, 0x22, 0x28, 0x1d, 0xa8, 0x8b,
    0x0, 0x64, 0xff, 0x68, 0x7c, 0xef, 0x75, 0x80,
    0x62, 0x9, 0xba, 0x0, 0x42, 0xe, 0x63, 0x40,
    0x2, 0x60, 0x1f, 0x87, 0x75, 0x80, 0x1f, 0xfc,
    0x1d, 0xd6, 0x0, 0x1c, 0x40, 0x3f, 0x8, 0x7,
    0x13, 0x0, 0x71, 0xd8, 0x8b, 0xb9, 0xe0, 0x1,
    0x30, 0x8, 0x43, 0x78, 0x4b, 0xbb, 0x6, 0xf0,
    0x5, 0x27, 0xea, 0x1a, 0x1, 0x85, 0xc, 0x2,
    0x9c, 0x10, 0xe, 0xaf, 0xe4, 0x40, 0x4, 0x20,
    0x1f, 0x57, 0xfa, 0x80, 0x0,

    /* U+8F6E "轮" */
    0x0, 0x84, 0x3, 0xc2, 0x1, 0xfb, 0x8, 0x3,
    0xbd, 0x80, 0x39, 0x10, 0x4c, 0x84, 0x0, 0x60,
    0xb0, 0xe, 0xf9, 0x1f, 0xf2, 0x0, 0xde, 0x3c,
    0x80, 0x6b, 0x58, 0x85, 0xb0, 0x55, 0x95, 0x22,
    0x80, 0x64, 0x47, 0x0, 0x24, 0xd8, 0x1, 0x90,
    0xa0, 0x3, 0x63, 0x0, 0x47, 0xe8, 0x80, 0x7,
    0x24, 0x82, 0x13, 0xb, 0x39, 0xa0, 0x80, 0x11,
    0x78, 0x41, 0x1b, 0x23, 0xee, 0x1, 0x1e, 0x2c,
    0x80, 0x46, 0x65, 0x33, 0x8, 0x2, 0x31, 0x34,
    0xc0, 0x38, 0x8e, 0x1c, 0x0, 0x3d, 0x0, 0x18,
    0x6f, 0xb0, 0x41, 0x0, 0x12, 0x20, 0x10, 0x80,
    0xee, 0xb8, 0xa0, 0xc0, 0x3c, 0x58, 0x0, 0x63,
    0x0, 0xf3, 0x80, 0x4e, 0xc0, 0x1f, 0xd5, 0x7f,
    0xf5, 0xf8, 0x0,

    /* U+8F7B "轻" */
    0x0, 0xa4, 0xc0, 0x3f, 0xf8, 0x4e, 0x20, 0x4,
    0xff, 0xf3, 0x80, 0x11, 0x2, 0xc8, 0x69, 0xff,
    0xac, 0x18, 0x1, 0xf2, 0x3f, 0xe8, 0x0, 0xc3,
    0x52, 0x20, 0xb, 0xa9, 0x8b, 0xb0, 0x4, 0x58,
    0xec, 0x1, 0xad, 0xb4, 0x40, 0x24, 0xc2, 0x28,
    0x2, 0x20, 0x10, 0x8, 0x66, 0xe7, 0xcf, 0x60,
    0x1, 0x60, 0xe3, 0x2d, 0x85, 0xae, 0x11, 0xa8,
    0xa0, 0x2d, 0xc0, 0x43, 0x94, 0x62, 0x31, 0xea,
    0x84, 0x54, 0x8d, 0xb9, 0xff, 0xdd, 0xfe, 0xa0,
    0xf, 0x2b, 0x17, 0x73, 0x7, 0xb9, 0x60, 0x31,
    0x7a, 0x31, 0xc0, 0x1f, 0xc2, 0x1d, 0xe3, 0xb0,
    0x1, 0xfe, 0x85, 0x20, 0xf, 0xfe, 0x30, 0xff,
    0xda, 0x3f, 0xf3, 0x80,

    /* U+8F7D "载" */
    0x0, 0xff, 0xe4, 0x16, 0x80, 0x47, 0xa1, 0x2,
    0x1, 0x26, 0xeb, 0xb, 0x75, 0x42, 0x0, 0xcc,
    0x10, 0x1, 0x37, 0x58, 0x5b, 0xaa, 0x3, 0x4,
    0xe3, 0x1, 0xee, 0xb0, 0xbb, 0xac, 0x1e, 0xe6,
    0xf9, 0xf, 0x73, 0xd7, 0xfb, 0xb0, 0x77, 0x62,
    0x0, 0x9c, 0x3, 0xc2, 0x20, 0x93, 0x0, 0x67,
    0x4a, 0xf7, 0x65, 0x33, 0x3, 0x98, 0x3, 0x28,
    0xf9, 0xe3, 0xb8, 0xac, 0xc5, 0x40, 0x8, 0x66,
    0x8c, 0xb8, 0xcc, 0x6, 0x69, 0xe0, 0x8, 0xc7,
    0x61, 0x55, 0x10, 0xd, 0xa7, 0x40, 0x8, 0xb2,
    0xec, 0xf7, 0x70, 0x31, 0x40, 0x10, 0x1, 0xa2,
    0x69, 0xe3, 0x74, 0xb0, 0xc, 0x14, 0xa0, 0xe,
    0xd9, 0x48, 0xdd, 0x71, 0xdc, 0x12, 0x38, 0x33,
    0x10, 0xcc, 0x0, 0x93, 0x84, 0xac, 0x72, 0x0,
    0xe9, 0x60, 0x98, 0x0, 0x3f, 0x58, 0x0,

    /* U+8FD1 "近" */
    0x2, 0x30, 0xe, 0x12, 0x46, 0x8c, 0x70, 0x0,
    0xe9, 0x80, 0x7, 0xf3, 0xb9, 0xfd, 0xe, 0x0,
    0x3b, 0xd2, 0x0, 0xb7, 0x2a, 0x59, 0x0, 0x32,
    0xb3, 0x0, 0x3f, 0xf8, 0x50, 0x80, 0x60, 0x1f,
    0xfc, 0x5e, 0xef, 0x98, 0xb7, 0x61, 0x6, 0x1c,
    0xc8, 0x37, 0x30, 0xc5, 0xdc, 0x20, 0x0, 0x91,
    0x60, 0x22, 0x80, 0x6, 0x61, 0x0, 0x12, 0x80,
    0x7f, 0xf0, 0xb3, 0x80, 0x3f, 0xf8, 0x22, 0x8a,
    0x1, 0xff, 0xc1, 0x84, 0x20, 0xf, 0xe1, 0xc2,
    0xad, 0x90, 0xc, 0xc0, 0x1d, 0xa9, 0x9d, 0x54,
    0x32, 0x11, 0x49, 0x99, 0x4c, 0x82, 0x1, 0x7f,
    0xfb, 0xbf, 0x3a, 0x1c, 0xb0, 0x2, 0x17, 0xcd,
    0xef, 0xee, 0x6e, 0x90,

    /* U+8FD9 "这" */
    0x0, 0xfc, 0x4a, 0x1, 0xf4, 0x18, 0x7, 0xd,
    0x8, 0x7, 0xb3, 0x4c, 0x3, 0x1a, 0xb0, 0x7,
    0x92, 0xf5, 0x3f, 0xf2, 0xc7, 0xfe, 0x10, 0x2,
    0xfa, 0x7f, 0xfa, 0xc7, 0xbc, 0x40, 0x21, 0x5,
    0x70, 0xd, 0xac, 0x20, 0x11, 0x14, 0x9, 0x74,
    0x0, 0x16, 0xa0, 0x8, 0xbf, 0xda, 0x3, 0x87,
    0xa5, 0xc, 0x40, 0x11, 0x6e, 0x0, 0x69, 0x8c,
    0x68, 0x0, 0xff, 0xe0, 0x18, 0xc, 0x0, 0x7f,
    0x86, 0x63, 0x7d, 0x70, 0x40, 0x3c, 0x31, 0xc7,
    0xe6, 0x38, 0xd8, 0x40, 0x11, 0x81, 0x8e, 0xd0,
    0x80, 0x55, 0x43, 0x0, 0x3e, 0xae, 0xb, 0x8,
    0x6, 0x15, 0x21, 0x29, 0xca, 0xf0, 0x9e, 0xff,
    0xdd, 0xba, 0x32, 0xe3, 0x1, 0x8d, 0xff, 0x77,
    0x3f, 0xee, 0x20,

    /* U+8FDE "连" */
    0x0, 0x8, 0x7, 0x21, 0x0, 0x7c, 0xb8, 0x20,
    0x1a, 0x98, 0x3, 0xe5, 0x55, 0x5, 0x6e, 0x86,
    0x77, 0x74, 0x80, 0x50, 0xe9, 0x78, 0xcf, 0x99,
    0xd0, 0x1, 0xb1, 0x4, 0x16, 0x47, 0x80, 0x46,
    0x0, 0xfa, 0xd8, 0x40, 0x3e, 0x4f, 0xf7, 0x1,
    0x2b, 0x77, 0x3, 0xfb, 0x86, 0x9, 0xfc, 0x0,
    0x2c, 0xff, 0x83, 0x7f, 0xc6, 0x1, 0xf1, 0x88,
    0xc0, 0x42, 0x20, 0xf, 0x9e, 0x23, 0x4, 0x46,
    0x0, 0xfb, 0xff, 0x0, 0xff, 0xc0, 0x1e, 0x77,
    0xe0, 0x97, 0x78, 0x2, 0x81, 0x40, 0xf, 0xfe,
    0x5, 0x95, 0xcd, 0xa8, 0x80, 0x20, 0x4, 0x90,
    0x8d, 0xad, 0x37, 0x53, 0xdf, 0xe8, 0xee, 0x6d,
    0xb1, 0xe8, 0x4, 0xd9, 0xfe, 0xee, 0x7f, 0xe4,

    /* U+91CC "里" */
    0x0, 0x47, 0xff, 0xfa, 0xc0, 0x39, 0xff, 0xe8,
    0x7f, 0xfa, 0x80, 0x3f, 0xf9, 0x4f, 0xbb, 0x4b,
    0xee, 0xd6, 0x1, 0xe6, 0xdd, 0xa5, 0xb7, 0x68,
    0x0, 0xf0, 0x80, 0x61, 0x0, 0x8c, 0x3, 0xcd,
    0x99, 0x4b, 0x66, 0x50, 0x1, 0xd3, 0x9d, 0xd3,
    0xaf, 0x75, 0xf2, 0x1, 0x84, 0x8b, 0x9, 0x17,
    0x80, 0x36, 0xef, 0x3b, 0x6e, 0xf1, 0x80, 0x59,
    0x9c, 0xcb, 0x99, 0xc6, 0x1, 0x8, 0xf8, 0xc4,
    0x78, 0x3, 0xff, 0x8c, 0x3f, 0xfe, 0x76, 0xff,
    0xf1, 0x0,

    /* U+9488 "针" */
    0x0, 0xff, 0xe3, 0x26, 0x0, 0x78, 0xb8, 0x3,
    0xd0, 0xa8, 0x83, 0x0, 0xff, 0x39, 0x13, 0xfd,
    0x60, 0x1f, 0xc9, 0x3f, 0x77, 0x40, 0x7, 0xf2,
    0x5d, 0xaa, 0xa3, 0x0, 0xff, 0x27, 0x1, 0xf0,
    0x7f, 0xda, 0x3f, 0xf3, 0x0, 0xa1, 0x72, 0x1f,
    0xfd, 0x83, 0xff, 0x30, 0x19, 0x8b, 0x8c, 0x80,
    0x21, 0x0, 0xf4, 0x41, 0x11, 0x14, 0x1, 0xfe,
    0xbb, 0x35, 0x5c, 0x0, 0x7f, 0xf4, 0x4, 0x12,
    0xc0, 0x3f, 0xf8, 0xb, 0x1f, 0x0, 0x1f, 0xf0,
    0xb6, 0x59, 0x80, 0x7f, 0x0,

    /* U+949F "钟" */
    0x0, 0xff, 0xe2, 0xad, 0x0, 0x79, 0x30, 0x3,
    0xa1, 0xee, 0xce, 0x1, 0xfd, 0x49, 0xd1, 0x5,
    0x23, 0x38, 0x4c, 0xf3, 0x49, 0x9c, 0x5d, 0xd5,
    0x17, 0x73, 0x4e, 0x3b, 0xb2, 0x4, 0xec, 0x9e,
    0xe0, 0x1, 0x39, 0x23, 0x90, 0x3, 0xff, 0x80,
    0x60, 0x1f, 0xf3, 0xbd, 0xee, 0xa0, 0x1f, 0xdf,
    0xe0, 0x1f, 0x30, 0xbf, 0xb3, 0xfe, 0x0, 0x44,
    0x1f, 0xa1, 0x82, 0xfe, 0xcf, 0xf8, 0xc0, 0x3e,
    0xc4, 0x0, 0xc3, 0xa0, 0x18, 0xde, 0x40, 0x3f,
    0xc2, 0x93, 0xf0, 0x1, 0xfe, 0x27, 0xe8, 0x10,
    0xf, 0xc0,

    /* U+95F4 "间" */
    0x7, 0x10, 0xf, 0xfe, 0xe, 0x0, 0x3f, 0xff,
    0x70, 0x3b, 0xc1, 0xff, 0xf6, 0x80, 0x6, 0xdc,
    0x3, 0xfc, 0x98, 0x20, 0x1f, 0xfc, 0x3c, 0xee,
    0xe1, 0x0, 0xf8, 0xbf, 0xba, 0x0, 0xff, 0xe6,
    0x7e, 0xec, 0x20, 0x1f, 0xdf, 0xbb, 0x8, 0x7,
    0xff, 0x2e, 0xae, 0xe1, 0x0, 0xfd, 0x91, 0x1b,
    0x4, 0x3, 0xe2, 0x33, 0xe0, 0x0, 0x80, 0x7f,
    0xc3, 0xf8, 0xe0,

    /* U+968F "随" */
    0x0, 0xfe, 0x62, 0x0, 0xdd, 0xfe, 0xe1, 0x0,
    0xd0, 0x60, 0x1d, 0xd8, 0x5a, 0x4b, 0x98, 0x1d,
    0xcc, 0x58, 0x5, 0x57, 0x12, 0x9c, 0xee, 0xee,
    0xa8, 0x2, 0x75, 0x40, 0x9, 0x24, 0x8a, 0x10,
    0x2, 0x99, 0x5, 0x8f, 0x7, 0xee, 0xbc, 0x80,
    0xe, 0x2, 0x44, 0x97, 0x1f, 0xdd, 0x18, 0x4,
    0x55, 0x49, 0xcd, 0xb3, 0xcc, 0x8c, 0x3, 0x33,
    0xda, 0xb0, 0x3, 0x32, 0x30, 0xc, 0x24, 0x1,
    0xd9, 0xba, 0x30, 0x9, 0x24, 0x80, 0x3b, 0x37,
    0x46, 0x1, 0x87, 0x80, 0x3f, 0xf8, 0x9, 0x4,
    0x45, 0x40, 0x10, 0x6, 0x1, 0x80, 0x61, 0xca,
    0xe9, 0xe1, 0xc, 0xc0, 0x80, 0x64, 0x94, 0x8d,
    0xee, 0xdf, 0xa1, 0xc2, 0xa, 0xe0, 0x4, 0xce,
    0xeb, 0xf4, 0x0,

    /* U+97F3 "音" */
    0x0, 0xf9, 0x84, 0x3, 0xff, 0x85, 0xf0, 0x1,
    0xf8, 0xbb, 0xb9, 0x99, 0xdd, 0xc8, 0x0, 0x2e,
    0xe2, 0x6f, 0x7f, 0xbb, 0xb, 0xf9, 0x0, 0x3b,
    0x64, 0x3, 0x53, 0x8, 0x7, 0xc8, 0x81, 0x0,
    0xb, 0x48, 0x6, 0x1e, 0xeb, 0x43, 0xfb, 0x9e,
    0x1b, 0xdd, 0x10, 0xf7, 0x7f, 0xf0, 0x88, 0x2,
    0xce, 0xef, 0xe0, 0xf, 0xe, 0xf7, 0x7b, 0xc4,
    0x3, 0xe1, 0x0, 0xff, 0xe1, 0xe7, 0x77, 0xbc,
    0x3, 0xf6, 0x77, 0x7b, 0xc0, 0x3f, 0x8, 0x7,
    0x8c, 0x3, 0xf6, 0xef, 0xde, 0x1, 0x80,

    /* U+9875 "页" */
    0xc, 0xff, 0xff, 0xe0, 0x70, 0x67, 0xff, 0x15,
    0x7f, 0xf7, 0x0, 0x78, 0xcc, 0xa0, 0x1f, 0x8a,
    0xee, 0xe0, 0xbb, 0xe3, 0x0, 0x85, 0x7f, 0xd3,
    0x5f, 0xf9, 0x98, 0x1, 0xc8, 0x90, 0x92, 0x24,
    0x20, 0x1f, 0xdb, 0xe0, 0x1f, 0xfd, 0x11, 0x0,
    0xff, 0xe0, 0x9f, 0x0, 0x7e, 0x14, 0x0, 0x2a,
    0x22, 0x4c, 0x14, 0x40, 0x22, 0xa0, 0x7a, 0xa1,
    0x67, 0x5d, 0x20, 0x4, 0x71, 0xd9, 0xaa, 0xb,
    0xbb, 0x48, 0x86, 0x7f, 0xb2, 0xc8, 0x3, 0x37,
    0x84, 0x6, 0x61, 0xc8, 0x3, 0xe1, 0x99, 0x0,

    /* U+987A "顺" */
    0xa, 0x30, 0x0, 0xea, 0xf7, 0x3f, 0xee, 0xc0,
    0x9, 0xc8, 0x0, 0xbd, 0xcb, 0x2f, 0xec, 0x0,
    0xb4, 0x3, 0xd8, 0xa0, 0x1f, 0xf7, 0xf9, 0xdd,
    0xfe, 0x20, 0xf, 0xef, 0xfc, 0x40, 0x1f, 0xf0,
    0xe0, 0x6, 0x10, 0xf, 0xe2, 0x0, 0xff, 0xe3,
    0xb8, 0x80, 0x7f, 0xf0, 0x44, 0xc0, 0x3e, 0x33,
    0x0, 0x63, 0x10, 0xe, 0x60, 0x57, 0x1a, 0x32,
    0x0, 0xfa, 0x46, 0x8f, 0x18, 0x51, 0x42, 0x88,
    0x2, 0x1a, 0x59, 0xad, 0xf, 0xd0, 0xe, 0x5f,
    0xc8, 0x7, 0x68, 0x96, 0x0, 0x87, 0x5f, 0xdc,
    0x2, 0xa9,

    /* U+9884 "预" */
    0x0, 0xff, 0xe2, 0x27, 0xff, 0x3d, 0xf7, 0x3f,
    0xdd, 0xd0, 0xa7, 0xfd, 0x82, 0xd7, 0xdc, 0x85,
    0xee, 0x84, 0xc, 0x83, 0xac, 0x40, 0x2c, 0xc0,
    0x7, 0x3f, 0xe5, 0x28, 0x1f, 0xf9, 0x27, 0xfc,
    0xc0, 0x4, 0xd5, 0xc1, 0x0, 0x1f, 0xfb, 0xbd,
    0x80, 0x9, 0x76, 0x25, 0xcb, 0x70, 0x3, 0xc0,
    0x6, 0x58, 0x82, 0xdc, 0x33, 0x80, 0x7e, 0x13,
    0x30, 0x39, 0x50, 0x7, 0xff, 0xa, 0xd8, 0x3,
    0x8, 0x7, 0xf6, 0x8, 0x5, 0xbc, 0x1, 0xff,
    0x15, 0x8a, 0xb8, 0x62, 0x80, 0x7e, 0x17, 0xd7,
    0x4d, 0x73, 0x0, 0xfc, 0x9a, 0xb0, 0xb1, 0x88,
    0x0, 0xdf, 0x22, 0x2, 0xfc, 0xc8, 0x0, 0xb5,
    0xe0,

    /* U+9891 "频" */
    0x0, 0xd6, 0x80, 0xa, 0xff, 0xf2, 0x80, 0xd0,
    0x0, 0x88, 0x35, 0xfe, 0x4a, 0xff, 0x28, 0x1,
    0x80, 0x17, 0x2c, 0x1, 0x22, 0x0, 0x3f, 0x4d,
    0xb9, 0x44, 0x8c, 0xc3, 0x80, 0xa8, 0x93, 0x91,
    0x4c, 0x9b, 0x59, 0xb2, 0xb, 0x3, 0xc7, 0x5d,
    0xc0, 0x64, 0xe6, 0x40, 0x2, 0x66, 0x41, 0x99,
    0x0, 0x4c, 0x1, 0xee, 0x0, 0x92, 0x40, 0x31,
    0x80, 0x66, 0x70, 0xb, 0xbc, 0x2, 0x11, 0x0,
    0x43, 0x16, 0x0, 0x24, 0x60, 0x8, 0xc0, 0x3a,
    0xc8, 0x17, 0xa0, 0x1c, 0x8c, 0x80, 0x54, 0x5,
    0x40, 0x26, 0x60, 0x1c, 0x41, 0x30, 0xac, 0x2,
    0x3c, 0x3a, 0x0, 0xa5, 0xe2, 0x1e, 0xa0, 0xc,
    0xf8, 0x90, 0x3, 0xe8, 0xe0, 0x26, 0x42, 0x87,
    0x62, 0x0, 0x4d, 0xb0, 0x1, 0xe, 0xa8,

    /* U+9996 "首" */
    0x0, 0xc4, 0x1, 0xe2, 0x0, 0xf8, 0x71, 0x40,
    0x31, 0xe9, 0x0, 0x78, 0x6a, 0x4, 0x0, 0x3d,
    0x24, 0x1, 0xf, 0xfd, 0x65, 0xdf, 0xee, 0x29,
    0xff, 0x88, 0x7f, 0xfc, 0x73, 0xff, 0xe2, 0x0,
    0x1e, 0xee, 0x3b, 0xdd, 0xc6, 0x1, 0xef, 0xfb,
    0x7f, 0xf0, 0x38, 0x7, 0x88, 0xbf, 0x0, 0x7c,
    0x5d, 0xdf, 0x88, 0x3, 0xc5, 0xdd, 0xf8, 0x80,
    0x3e, 0x11, 0xfc, 0x1, 0xf1, 0x6e, 0xfe, 0x20,
    0xf, 0x16, 0x67, 0xe2, 0x0, 0xf1, 0x6e, 0xfe,
    0x20, 0xf, 0x16, 0x67, 0xe2, 0x0, 0x80,

    /* U+FF0C "，" */
    0x1b, 0x70, 0x24, 0x80, 0x3b, 0x0, 0x89, 0x2,
    0x2e, 0x43, 0x34, 0x80
};


/*---------------------
 *  GLYPH DESCRIPTION
 *--------------------*/

static const lv_font_fmt_txt_glyph_dsc_t glyph_dsc[] = {
    {.bitmap_index = 0, .adv_w = 0, .box_w = 0, .box_h = 0, .ofs_x = 0, .ofs_y = 0} /* id = 0 reserved */,
    {.bitmap_index = 0, .adv_w = 57, .box_w = 0, .box_h = 0, .ofs_x = 0, .ofs_y = 0},
    {.bitmap_index = 0, .adv_w = 80, .box_w = 3, .box_h = 12, .ofs_x = 1, .ofs_y = 0},
    {.bitmap_index = 15, .adv_w = 117, .box_w = 5, .box_h = 5, .ofs_x = 1, .ofs_y = 8},
    {.bitmap_index = 28, .adv_w = 141, .box_w = 9, .box_h = 12, .ofs_x = 0, .ofs_y = 0},
    {.bitmap_index = 79, .adv_w = 141, .box_w = 8, .box_h = 16, .ofs_x = 0, .ofs_y = -2},
    {.bitmap_index = 133, .adv_w = 234, .box_w = 14, .box_h = 12, .ofs_x = 0, .ofs_y = 0},
    {.bitmap_index = 212, .adv_w = 172, .box_w = 11, .box_h = 12, .ofs_x = 0, .ofs_y = 0},
    {.bitmap_index = 272, .adv_w = 69, .box_w = 2, .box_h = 5, .ofs_x = 1, .ofs_y = 8},
    {.bitmap_index = 277, .adv_w = 85, .box_w = 4, .box_h = 18, .ofs_x = 1, .ofs_y = -4},
    {.bitmap_index = 312, .adv_w = 85, .box_w = 4, .box_h = 18, .ofs_x = 0, .ofs_y = -4},
    {.bitmap_index = 350, .adv_w = 118, .box_w = 6, .box_h = 6, .ofs_x = 1, .ofs_y = 7},
    {.bitmap_index = 369, .adv_w = 141, .box_w = 9, .box_h = 9, .ofs_x = 0, .ofs_y = 2},
    {.bitmap_index = 389, .adv_w = 69, .box_w = 4, .box_h = 5, .ofs_x = 0, .ofs_y = -3},
    {.bitmap_index = 399, .adv_w = 88, .box_w = 5, .box_h = 2, .ofs_x = 0, .ofs_y = 3},
    {.bitmap_index = 404, .adv_w = 69, .box_w = 3, .box_h = 3, .ofs_x = 1, .ofs_y = 0},
    {.bitmap_index = 409, .adv_w = 100, .box_w = 7, .box_h = 16, .ofs_x = 0, .ofs_y = -3},
    {.bitmap_index = 452, .adv_w = 141, .box_w = 8, .box_h = 12, .ofs_x = 0, .ofs_y = 0},
    {.bitmap_index = 498, .adv_w = 141, .box_w = 7, .box_h = 12, .ofs_x = 1, .ofs_y = 0},
    {.bitmap_index = 516, .adv_w = 141, .box_w = 8, .box_h = 12, .ofs_x = 0, .ofs_y = 0},
    {.bitmap_index = 558, .adv_w = 141, .box_w = 8, .box_h = 12, .ofs_x = 0, .ofs_y = 0},
    {.bitmap_index = 602, .adv_w = 141, .box_w = 9, .box_h = 12, .ofs_x = 0, .ofs_y = 0},
    {.bitmap_index = 641, .adv_w = 141, .box_w = 8, .box_h = 12, .ofs_x = 0, .ofs_y = 0},
    {.bitmap_index = 682, .adv_w = 141, .box_w = 9, .box_h = 12, .ofs_x = 0, .ofs_y = 0},
    {.bitmap_index = 732, .adv_w = 141, .box_w = 9, .box_h = 12, .ofs_x = 0, .ofs_y = 0},
    {.bitmap_index = 769, .adv_w = 141, .box_w = 9, .box_h = 12, .ofs_x = 0, .ofs_y = 0},
    {.bitmap_index = 821, .adv_w = 141, .box_w = 8, .box_h = 12, .ofs_x = 0, .ofs_y = 0},
    {.bitmap_index = 867, .adv_w = 69, .box_w = 3, .box_h = 9, .ofs_x = 1, .ofs_y = 0},
    {.bitmap_index = 878, .adv_w = 69, .box_w = 4, .box_h = 12, .ofs_x = 0, .ofs_y = -3},
    {.bitmap_index = 897, .adv_w = 141, .box_w = 9, .box_h = 8, .ofs_x = 0, .ofs_y = 2},
    {.bitmap_index = 928, .adv_w = 141, .box_w = 9, .box_h = 5, .ofs_x = 0, .ofs_y = 4},
    {.bitmap_index = 940, .adv_w = 141, .box_w = 9, .box_h = 8, .ofs_x = 0, .ofs_y = 2},
    {.bitmap_index = 971, .adv_w = 120, .box_w = 7, .box_h = 12, .ofs_x = 0, .ofs_y = 0},
    {.bitmap_index = 1008, .adv_w = 239, .box_w = 15, .box_h = 14, .ofs_x = 0, .ofs_y = -2},
    {.bitmap_index = 1108, .adv_w = 154, .box_w = 10, .box_h = 12, .ofs_x = 0, .ofs_y = 0},
    {.bitmap_index = 1160, .adv_w = 167, .box_w = 9, .box_h = 12, .ofs_x = 1, .ofs_y = 0},
    {.bitmap_index = 1206, .adv_w = 162, .box_w = 10, .box_h = 12, .ofs_x = 0, .ofs_y = 0},
    {.bitmap_index = 1253, .adv_w = 175, .box_w = 9, .box_h = 12, .ofs_x = 1, .ofs_y = 0},
    {.bitmap_index = 1295, .adv_w = 150, .box_w = 8, .box_h = 12, .ofs_x = 1, .ofs_y = 0},
    {.bitmap_index = 1323, .adv_w = 140, .box_w = 8, .box_h = 12, .ofs_x = 1, .ofs_y = 0},
    {.bitmap_index = 1346, .adv_w = 175, .box_w = 10, .box_h = 12, .ofs_x = 0, .ofs_y = 0},
    {.bitmap_index = 1398, .adv_w = 185, .box_w = 9, .box_h = 12, .ofs_x = 1, .ofs_y = 0},
    {.bitmap_index = 1417, .adv_w = 73, .box_w = 2, .box_h = 12, .ofs_x = 1, .ofs_y = 0},
    {.bitmap_index = 1422, .adv_w = 136, .box_w = 7, .box_h = 12, .ofs_x = 0, .ofs_y = 0},
    {.bitmap_index = 1439, .adv_w = 164, .box_w = 10, .box_h = 12, .ofs_x = 1, .ofs_y = 0},
    {.bitmap_index = 1484, .adv_w = 137, .box_w = 8, .box_h = 12, .ofs_x = 1, .ofs_y = 0},
    {.bitmap_index = 1495, .adv_w = 206, .box_w = 11, .box_h = 12, .ofs_x = 1, .ofs_y = 0},
    {.bitmap_index = 1548, .adv_w = 184, .box_w = 9, .box_h = 12, .ofs_x = 1, .ofs_y = 0},
    {.bitmap_index = 1587, .adv_w = 189, .box_w = 11, .box_h = 12, .ofs_x = 0, .ofs_y = 0},
    {.bitmap_index = 1644, .adv_w = 160, .box_w = 9, .box_h = 12, .ofs_x = 1, .ofs_y = 0},
    {.bitmap_index = 1680, .adv_w = 189, .box_w = 12, .box_h = 16, .ofs_x = 0, .ofs_y = -4},
    {.bitmap_index = 1760, .adv_w = 161, .box_w = 9, .box_h = 12, .ofs_x = 1, .ofs_y = 0},
    {.bitmap_index = 1805, .adv_w = 151, .box_w = 9, .box_h = 12, .ofs_x = 0, .ofs_y = 0},
    {.bitmap_index = 1855, .adv_w = 152, .box_w = 10, .box_h = 12, .ofs_x = 0, .ofs_y = 0},
    {.bitmap_index = 1873, .adv_w = 183, .box_w = 9, .box_h = 12, .ofs_x = 1, .ofs_y = 0},
    {.bitmap_index = 1900, .adv_w = 145, .box_w = 10, .box_h = 12, .ofs_x = 0, .ofs_y = 0},
    {.bitmap_index = 1951, .adv_w = 223, .box_w = 14, .box_h = 12, .ofs_x = 0, .ofs_y = 0},
    {.bitmap_index = 2034, .adv_w = 144, .box_w = 9, .box_h = 12, .ofs_x = 0, .ofs_y = 0},
    {.bitmap_index = 2085, .adv_w = 134, .box_w = 9, .box_h = 12, .ofs_x = 0, .ofs_y = 0},
    {.bitmap_index = 2122, .adv_w = 154, .box_w = 9, .box_h = 12, .ofs_x = 0, .ofs_y = 0},
    {.bitmap_index = 2163, .adv_w = 85, .box_w = 4, .box_h = 16, .ofs_x = 1, .ofs_y = -3},
    {.bitmap_index = 2172, .adv_w = 100, .box_w = 7, .box_h = 16, .ofs_x = 0, .ofs_y = -3},
    {.bitmap_index = 2213, .adv_w = 85, .box_w = 4, .box_h = 16, .ofs_x = 0, .ofs_y = -3},
    {.bitmap_index = 2222, .adv_w = 141, .box_w = 7, .box_h = 7, .ofs_x = 1, .ofs_y = 5},
    {.bitmap_index = 2246, .adv_w = 143, .box_w = 9, .box_h = 1, .ofs_x = 0, .ofs_y = -2},
    {.bitmap_index = 2249, .adv_w = 154, .box_w = 4, .box_h = 5, .ofs_x = 2, .ofs_y = 10},
    {.bitmap_index = 2259, .adv_w = 143, .box_w = 8, .box_h = 9, .ofs_x = 0, .ofs_y = 0},
    {.bitmap_index = 2296, .adv_w = 157, .box_w = 8, .box_h = 13, .ofs_x = 1, .ofs_y = 0},
    {.bitmap_index = 2332, .adv_w = 130, .box_w = 8, .box_h = 9, .ofs_x = 0, .ofs_y = 0},
    {.bitmap_index = 2364, .adv_w = 157, .box_w = 9, .box_h = 13, .ofs_x = 0, .ofs_y = 0},
    {.bitmap_index = 2404, .adv_w = 141, .box_w = 9, .box_h = 9, .ofs_x = 0, .ofs_y = 0},
    {.bitmap_index = 2443, .adv_w = 81, .box_w = 6, .box_h = 13, .ofs_x = 0, .ofs_y = 0},
    {.bitmap_index = 2467, .adv_w = 143, .box_w = 9, .box_h = 13, .ofs_x = 0, .ofs_y = -4},
    {.bitmap_index = 2522, .adv_w = 154, .box_w = 8, .box_h = 13, .ofs_x = 1, .ofs_y = 0},
    {.bitmap_index = 2545, .adv_w = 69, .box_w = 3, .box_h = 13, .ofs_x = 1, .ofs_y = 0},
    {.bitmap_index = 2555, .adv_w = 69, .box_w = 5, .box_h = 17, .ofs_x = -1, .ofs_y = -4},
    {.bitmap_index = 2575, .adv_w = 139, .box_w = 8, .box_h = 13, .ofs_x = 1, .ofs_y = 0},
    {.bitmap_index = 2609, .adv_w = 71, .box_w = 3, .box_h = 13, .ofs_x = 1, .ofs_y = 0},
    {.bitmap_index = 2617, .adv_w = 236, .box_w = 13, .box_h = 9, .ofs_x = 1, .ofs_y = 0},
    {.bitmap_index = 2649, .adv_w = 155, .box_w = 8, .box_h = 9, .ofs_x = 1, .ofs_y = 0},
    {.bitmap_index = 2669, .adv_w = 154, .box_w = 9, .box_h = 9, .ofs_x = 0, .ofs_y = 0},
    {.bitmap_index = 2708, .adv_w = 157, .box_w = 8, .box_h = 13, .ofs_x = 1, .ofs_y = -4},
    {.bitmap_index = 2747, .adv_w = 157, .box_w = 9, .box_h = 13, .ofs_x = 0, .ofs_y = -4},
    {.bitmap_index = 2789, .adv_w = 97, .box_w = 6, .box_h = 9, .ofs_x = 1, .ofs_y = 0},
    {.bitmap_index = 2805, .adv_w = 119, .box_w = 7, .box_h = 9, .ofs_x = 0, .ofs_y = 0},
    {.bitmap_index = 2836, .adv_w = 95, .box_w = 6, .box_h = 12, .ofs_x = 0, .ofs_y = 0},
    {.bitmap_index = 2863, .adv_w = 154, .box_w = 8, .box_h = 9, .ofs_x = 1, .ofs_y = 0},
    {.bitmap_index = 2885, .adv_w = 131, .box_w = 8, .box_h = 9, .ofs_x = 0, .ofs_y = 0},
    {.bitmap_index = 2920, .adv_w = 203, .box_w = 13, .box_h = 9, .ofs_x = 0, .ofs_y = 0},
    {.bitmap_index = 2979, .adv_w = 124, .box_w = 8, .box_h = 9, .ofs_x = 0, .ofs_y = 0},
    {.bitmap_index = 3014, .adv_w = 131, .box_w = 8, .box_h = 13, .ofs_x = 0, .ofs_y = -4},
    {.bitmap_index = 3061, .adv_w = 120, .box_w = 8, .box_h = 9, .ofs_x = 0, .ofs_y = 0},
    {.bitmap_index = 3093, .adv_w = 85, .box_w = 5, .box_h = 16, .ofs_x = 0, .ofs_y = -3},
    {.bitmap_index = 3126, .adv_w = 68, .box_w = 2, .box_h = 18, .ofs_x = 1, .ofs_y = -5},
    {.bitmap_index = 3131, .adv_w = 85, .box_w = 5, .box_h = 16, .ofs_x = 0, .ofs_y = -3},
    {.bitmap_index = 3162, .adv_w = 141, .box_w = 9, .box_h = 3, .ofs_x = 0, .ofs_y = 5},
    {.bitmap_index = 3176, .adv_w = 93, .box_w = 6, .box_h = 5, .ofs_x = 0, .ofs_y = 8},
    {.bitmap_index = 3191, .adv_w = 256, .box_w = 4, .box_h = 4, .ofs_x = 6, .ofs_y = 5},
    {.bitmap_index = 3200, .adv_w = 256, .box_w = 16, .box_h = 14, .ofs_x = 0, .ofs_y = -1},
    {.bitmap_index = 3276, .adv_w = 256, .box_w = 6, .box_h = 5, .ofs_x = 0, .ofs_y = -1},
    {.bitmap_index = 3290, .adv_w = 256, .box_w = 15, .box_h = 15, .ofs_x = 0, .ofs_y = -2},
    {.bitmap_index = 3361, .adv_w = 256, .box_w = 14, .box_h = 14, .ofs_x = 1, .ofs_y = -1},
    {.bitmap_index = 3409, .adv_w = 256, .box_w = 14, .box_h = 14, .ofs_x = 1, .ofs_y = -1},
    {.bitmap_index = 3480, .adv_w = 256, .box_w = 16, .box_h = 15, .ofs_x = 0, .ofs_y = -1},
    {.bitmap_index = 3574, .adv_w = 256, .box_w = 16, .box_h = 14, .ofs_x = 0, .ofs_y = -1},
    {.bitmap_index = 3646, .adv_w = 256, .box_w = 16, .box_h = 16, .ofs_x = 0, .ofs_y = -2},
    {.bitmap_index = 3747, .adv_w = 256, .box_w = 16, .box_h = 15, .ofs_x = 0, .ofs_y = -1},
    {.bitmap_index = 3817, .adv_w = 256, .box_w = 16, .box_h = 16, .ofs_x = 0, .ofs_y = -2},
    {.bitmap_index = 3915, .adv_w = 256, .box_w = 16, .box_h = 15, .ofs_x = 0, .ofs_y = -1},
    {.bitmap_index = 4002, .adv_w = 256, .box_w = 16, .box_h = 16, .ofs_x = 0, .ofs_y = -2},
    {.bitmap_index = 4082, .adv_w = 256, .box_w = 16, .box_h = 16, .ofs_x = 0, .ofs_y = -2},
    {.bitmap_index = 4185, .adv_w = 256, .box_w = 16, .box_h = 15, .ofs_x = 0, .ofs_y = -2},
    {.bitmap_index = 4274, .adv_w = 256, .box_w = 16, .box_h = 16, .ofs_x = 0, .ofs_y = -2},
    {.bitmap_index = 4357, .adv_w = 256, .box_w = 14, .box_h = 14, .ofs_x = 1, .ofs_y = -1},
    {.bitmap_index = 4410, .adv_w = 256, .box_w = 15, .box_h = 16, .ofs_x = 0, .ofs_y = -2},
    {.bitmap_index = 4498, .adv_w = 256, .box_w = 16, .box_h = 15, .ofs_x = 0, .ofs_y = -2},
    {.bitmap_index = 4595, .adv_w = 256, .box_w = 12, .box_h = 13, .ofs_x = 2, .ofs_y = -1},
    {.bitmap_index = 4622, .adv_w = 256, .box_w = 16, .box_h = 14, .ofs_x = 0, .ofs_y = -1},
    {.bitmap_index = 4675, .adv_w = 256, .box_w = 14, .box_h = 14, .ofs_x = 1, .ofs_y = -1},
    {.bitmap_index = 4724, .adv_w = 256, .box_w = 16, .box_h = 16, .ofs_x = 0, .ofs_y = -2},
    {.bitmap_index = 4808, .adv_w = 256, .box_w = 14, .box_h = 15, .ofs_x = 1, .ofs_y = -1},
    {.bitmap_index = 4868, .adv_w = 256, .box_w = 15, .box_h = 16, .ofs_x = 0, .ofs_y = -2},
    {.bitmap_index = 4942, .adv_w = 256, .box_w = 14, .box_h = 14, .ofs_x = 1, .ofs_y = -1},
    {.bitmap_index = 4998, .adv_w = 256, .box_w = 17, .box_h = 15, .ofs_x = 0, .ofs_y = -1},
    {.bitmap_index = 5093, .adv_w = 256, .box_w = 16, .box_h = 15, .ofs_x = 0, .ofs_y = -2},
    {.bitmap_index = 5174, .adv_w = 256, .box_w = 15, .box_h = 16, .ofs_x = 0, .ofs_y = -2},
    {.bitmap_index = 5284, .adv_w = 256, .box_w = 16, .box_h = 15, .ofs_x = 0, .ofs_y = -1},
    {.bitmap_index = 5394, .adv_w = 256, .box_w = 15, .box_h = 16, .ofs_x = 0, .ofs_y = -2},
    {.bitmap_index = 5486, .adv_w = 256, .box_w = 16, .box_h = 15, .ofs_x = 0, .ofs_y = -1},
    {.bitmap_index = 5572, .adv_w = 256, .box_w = 14, .box_h = 14, .ofs_x = 1, .ofs_y = -1},
    {.bitmap_index = 5627, .adv_w = 256, .box_w = 14, .box_h = 14, .ofs_x = 1, .ofs_y = -1},
    {.bitmap_index = 5700, .adv_w = 256, .box_w = 16, .box_h = 15, .ofs_x = 0, .ofs_y = -2},
    {.bitmap_index = 5767, .adv_w = 256, .box_w = 16, .box_h = 16, .ofs_x = 0, .ofs_y = -2},
    {.bitmap_index = 5864, .adv_w = 256, .box_w = 16, .box_h = 14, .ofs_x = 0, .ofs_y = -1},
    {.bitmap_index = 5957, .adv_w = 256, .box_w = 16, .box_h = 15, .ofs_x = 0, .ofs_y = -1},
    {.bitmap_index = 6045, .adv_w = 256, .box_w = 14, .box_h = 16, .ofs_x = 0, .ofs_y = -2},
    {.bitmap_index = 6109, .adv_w = 256, .box_w = 16, .box_h = 15, .ofs_x = 0, .ofs_y = -1},
    {.bitmap_index = 6176, .adv_w = 256, .box_w = 16, .box_h = 15, .ofs_x = 0, .ofs_y = -2},
    {.bitmap_index = 6244, .adv_w = 256, .box_w = 16, .box_h = 16, .ofs_x = 0, .ofs_y = -2},
    {.bitmap_index = 6338, .adv_w = 256, .box_w = 16, .box_h = 14, .ofs_x = 0, .ofs_y = -1},
    {.bitmap_index = 6429, .adv_w = 256, .box_w = 16, .box_h = 15, .ofs_x = 0, .ofs_y = -2},
    {.bitmap_index = 6532, .adv_w = 256, .box_w = 16, .box_h = 15, .ofs_x = 0, .ofs_y = -2},
    {.bitmap_index = 6626, .adv_w = 256, .box_w = 16, .box_h = 15, .ofs_x = 0, .ofs_y = -2},
    {.bitmap_index = 6732, .adv_w = 256, .box_w = 16, .box_h = 16, .ofs_x = 0, .ofs_y = -2},
    {.bitmap_index = 6846, .adv_w = 256, .box_w = 16, .box_h = 16, .ofs_x = 0, .ofs_y = -2},
    {.bitmap_index = 6960, .adv_w = 256, .box_w = 16, .box_h = 15, .ofs_x = 0, .ofs_y = -2},
    {.bitmap_index = 7075, .adv_w = 256, .box_w = 15, .box_h = 16, .ofs_x = 1, .ofs_y = -2},
    {.bitmap_index = 7170, .adv_w = 256, .box_w = 16, .box_h = 15, .ofs_x = 0, .ofs_y = -1},
    {.bitmap_index = 7268, .adv_w = 256, .box_w = 15, .box_h = 16, .ofs_x = 0, .ofs_y = -2},
    {.bitmap_index = 7353, .adv_w = 256, .box_w = 16, .box_h = 15, .ofs_x = 0, .ofs_y = -2},
    {.bitmap_index = 7436, .adv_w = 256, .box_w = 15, .box_h = 14, .ofs_x = 1, .ofs_y = -1},
    {.bitmap_index = 7511, .adv_w = 256, .box_w = 16, .box_h = 14, .ofs_x = 0, .ofs_y = -1},
    {.bitmap_index = 7587, .adv_w = 256, .box_w = 15, .box_h = 14, .ofs_x = 1, .ofs_y = -1},
    {.bitmap_index = 7672, .adv_w = 256, .box_w = 16, .box_h = 15, .ofs_x = 0, .ofs_y = -1},
    {.bitmap_index = 7762, .adv_w = 256, .box_w = 16, .box_h = 14, .ofs_x = 0, .ofs_y = -1},
    {.bitmap_index = 7851, .adv_w = 256, .box_w = 16, .box_h = 14, .ofs_x = 0, .ofs_y = -1},
    {.bitmap_index = 7927, .adv_w = 256, .box_w = 16, .box_h = 15, .ofs_x = 0, .ofs_y = -2},
    {.bitmap_index = 8038, .adv_w = 256, .box_w = 16, .box_h = 16, .ofs_x = 0, .ofs_y = -2},
    {.bitmap_index = 8145, .adv_w = 256, .box_w = 16, .box_h = 14, .ofs_x = 0, .ofs_y = -1},
    {.bitmap_index = 8198, .adv_w = 256, .box_w = 15, .box_h = 15, .ofs_x = 0, .ofs_y = -2},
    {.bitmap_index = 8287, .adv_w = 256, .box_w = 15, .box_h = 14, .ofs_x = 0, .ofs_y = -1},
    {.bitmap_index = 8373, .adv_w = 256, .box_w = 16, .box_h = 14, .ofs_x = 0, .ofs_y = -1},
    {.bitmap_index = 8465, .adv_w = 256, .box_w = 16, .box_h = 15, .ofs_x = 0, .ofs_y = -1},
    {.bitmap_index = 8567, .adv_w = 256, .box_w = 16, .box_h = 14, .ofs_x = 0, .ofs_y = -1},
    {.bitmap_index = 8674, .adv_w = 256, .box_w = 16, .box_h = 15, .ofs_x = 0, .ofs_y = -2},
    {.bitmap_index = 8757, .adv_w = 256, .box_w = 15, .box_h = 14, .ofs_x = 0, .ofs_y = -1},
    {.bitmap_index = 8814, .adv_w = 256, .box_w = 16, .box_h = 16, .ofs_x = 0, .ofs_y = -2},
    {.bitmap_index = 8912, .adv_w = 256, .box_w = 14, .box_h = 15, .ofs_x = 0, .ofs_y = -2},
    {.bitmap_index = 8987, .adv_w = 256, .box_w = 14, .box_h = 14, .ofs_x = 2, .ofs_y = -1},
    {.bitmap_index = 9060, .adv_w = 256, .box_w = 14, .box_h = 15, .ofs_x = 1, .ofs_y = -1},
    {.bitmap_index = 9154, .adv_w = 256, .box_w = 16, .box_h = 14, .ofs_x = 0, .ofs_y = -1},
    {.bitmap_index = 9245, .adv_w = 256, .box_w = 15, .box_h = 16, .ofs_x = 0, .ofs_y = -2},
    {.bitmap_index = 9337, .adv_w = 256, .box_w = 16, .box_h = 14, .ofs_x = 0, .ofs_y = -1},
    {.bitmap_index = 9409, .adv_w = 256, .box_w = 16, .box_h = 16, .ofs_x = 0, .ofs_y = -1},
    {.bitmap_index = 9516, .adv_w = 256, .box_w = 16, .box_h = 15, .ofs_x = 0, .ofs_y = -2},
    {.bitmap_index = 9615, .adv_w = 256, .box_w = 16, .box_h = 15, .ofs_x = 0, .ofs_y = -1},
    {.bitmap_index = 9708, .adv_w = 256, .box_w = 15, .box_h = 15, .ofs_x = 1, .ofs_y = -1},
    {.bitmap_index = 9809, .adv_w = 256, .box_w = 16, .box_h = 16, .ofs_x = 0, .ofs_y = -2},
    {.bitmap_index = 9925, .adv_w = 256, .box_w = 16, .box_h = 14, .ofs_x = 0, .ofs_y = -1},
    {.bitmap_index = 10010, .adv_w = 256, .box_w = 15, .box_h = 16, .ofs_x = 0, .ofs_y = -2},
    {.bitmap_index = 10095, .adv_w = 256, .box_w = 16, .box_h = 15, .ofs_x = 0, .ofs_y = -2},
    {.bitmap_index = 10186, .adv_w = 256, .box_w = 14, .box_h = 16, .ofs_x = 1, .ofs_y = -2},
    {.bitmap_index = 10277, .adv_w = 256, .box_w = 16, .box_h = 16, .ofs_x = 0, .ofs_y = -2},
    {.bitmap_index = 10384, .adv_w = 256, .box_w = 16, .box_h = 16, .ofs_x = 0, .ofs_y = -2},
    {.bitmap_index = 10489, .adv_w = 256, .box_w = 16, .box_h = 16, .ofs_x = 0, .ofs_y = -2},
    {.bitmap_index = 10590, .adv_w = 256, .box_w = 16, .box_h = 15, .ofs_x = 0, .ofs_y = -1},
    {.bitmap_index = 10697, .adv_w = 256, .box_w = 16, .box_h = 15, .ofs_x = 0, .ofs_y = -1},
    {.bitmap_index = 10797, .adv_w = 256, .box_w = 16, .box_h = 16, .ofs_x = 0, .ofs_y = -2},
    {.bitmap_index = 10916, .adv_w = 256, .box_w = 16, .box_h = 16, .ofs_x = 0, .ofs_y = -2},
    {.bitmap_index = 11016, .adv_w = 256, .box_w = 16, .box_h = 16, .ofs_x = 0, .ofs_y = -2},
    {.bitmap_index = 11123, .adv_w = 256, .box_w = 16, .box_h = 16, .ofs_x = 0, .ofs_y = -2},
    {.bitmap_index = 11227, .adv_w = 256, .box_w = 16, .box_h = 14, .ofs_x = 0, .ofs_y = -1},
    {.bitmap_index = 11301, .adv_w = 256, .box_w = 16, .box_h = 15, .ofs_x = 0, .ofs_y = -1},
    {.bitmap_index = 11378, .adv_w = 256, .box_w = 15, .box_h = 15, .ofs_x = 0, .ofs_y = -1},
    {.bitmap_index = 11460, .adv_w = 256, .box_w = 14, .box_h = 15, .ofs_x = 1, .ofs_y = -1},
    {.bitmap_index = 11519, .adv_w = 256, .box_w = 15, .box_h = 16, .ofs_x = 1, .ofs_y = -2},
    {.bitmap_index = 11626, .adv_w = 256, .box_w = 16, .box_h = 15, .ofs_x = 0, .ofs_y = -1},
    {.bitmap_index = 11705, .adv_w = 256, .box_w = 15, .box_h = 15, .ofs_x = 0, .ofs_y = -2},
    {.bitmap_index = 11785, .adv_w = 256, .box_w = 15, .box_h = 15, .ofs_x = 0, .ofs_y = -2},
    {.bitmap_index = 11867, .adv_w = 256, .box_w = 16, .box_h = 15, .ofs_x = 0, .ofs_y = -1},
    {.bitmap_index = 11964, .adv_w = 256, .box_w = 16, .box_h = 15, .ofs_x = 0, .ofs_y = -2},
    {.bitmap_index = 12075, .adv_w = 256, .box_w = 16, .box_h = 15, .ofs_x = 0, .ofs_y = -1},
    {.bitmap_index = 12154, .adv_w = 256, .box_w = 4, .box_h = 6, .ofs_x = 2, .ofs_y = -2}
};

/*---------------------
 *  CHARACTER MAPPING
 *--------------------*/

static const uint16_t unicode_list_1[] = {
    0x0, 0x7, 0x251f, 0x2f51, 0x4d5e, 0x4d7d, 0x4d82, 0x4da0,
    0x4de2, 0x4df4, 0x4e46, 0x4e6a, 0x4ea3, 0x4f31, 0x5095, 0x5099,
    0x50b5, 0x514b, 0x5186, 0x51f9, 0x5333, 0x533f, 0x535c, 0x535e,
    0x5361, 0x537f, 0x564a, 0x5857, 0x5879, 0x58c6, 0x59e2, 0x5aea,
    0x5af2, 0x5d42, 0x5d88, 0x5e50, 0x5ed5, 0x5f51, 0x5fbf, 0x6187,
    0x619b, 0x61a3, 0x6257, 0x62be, 0x62f5, 0x62f7, 0x63c8, 0x63fd,
    0x648e, 0x64c0, 0x64fd, 0x6500, 0x6509, 0x6530, 0x6546, 0x658e,
    0x65c0, 0x65d2, 0x6650, 0x667a, 0x68d2, 0x6a71, 0x6ab3, 0x6ab5,
    0x6cd8, 0x6d55, 0x6de0, 0x6e31, 0x7009, 0x7197, 0x7206, 0x7478,
    0x7485, 0x74a9, 0x7618, 0x7735, 0x788a, 0x7983, 0x7a3f, 0x7a99,
    0x7c4b, 0x7e2f, 0x7ebe, 0x7f9a, 0x801c, 0x8918, 0x8936, 0x8b0e,
    0x8b32, 0x8ebe, 0x8ecb, 0x8ecd, 0x8f21, 0x8f29, 0x8f2e, 0x911c,
    0x93d8, 0x93ef, 0x9544, 0x95df, 0x9743, 0x97c5, 0x97ca, 0x97d4,
    0x97e1, 0x98e6, 0xfe5c
};

/*Collect the unicode lists and glyph_id offsets*/
static const lv_font_fmt_txt_cmap_t cmaps[] =
{
    {
        .range_start = 32, .range_length = 95, .glyph_id_start = 1,
        .unicode_list = NULL, .glyph_id_ofs_list = NULL, .list_length = 0, .type = LV_FONT_FMT_TXT_CMAP_FORMAT0_TINY
    },
    {
        .range_start = 176, .range_length = 65117, .glyph_id_start = 96,
        .unicode_list = unicode_list_1, .glyph_id_ofs_list = NULL, .list_length = 107, .type = LV_FONT_FMT_TXT_CMAP_SPARSE_TINY
    }
};

/*-----------------
 *    KERNING
 *----------------*/


/*Map glyph_ids to kern left classes*/
static const uint8_t kern_left_class_mapping[] =
{
    0, 0, 0, 1, 0, 0, 0, 0,
    1, 2, 0, 0, 0, 3, 4, 3,
    5, 0, 0, 0, 0, 0, 0, 0,
    0, 0, 0, 6, 6, 0, 0, 0,
    0, 0, 7, 8, 9, 10, 11, 12,
    13, 0, 0, 14, 15, 16, 0, 0,
    10, 17, 10, 18, 19, 20, 21, 22,
    23, 24, 25, 26, 2, 27, 0, 0,
    0, 0, 28, 29, 30, 0, 31, 32,
    33, 34, 0, 0, 35, 36, 34, 34,
    29, 29, 37, 38, 39, 40, 37, 41,
    42, 43, 44, 45, 2, 0, 0, 0,
    0, 0, 0, 0, 0, 0, 0, 0,
    0, 0, 0, 0, 0, 0, 0, 0,
    0, 0, 0, 0, 0, 0, 0, 0,
    0, 0, 0, 0, 0, 0, 0, 0,
    0, 0, 0, 0, 0, 0, 0, 0,
    0, 0, 0, 0, 0, 0, 0, 0,
    0, 0, 0, 0, 0, 0, 0, 0,
    0, 0, 0, 0, 0, 0, 0, 0,
    0, 0, 0, 0, 0, 0, 0, 0,
    0, 0, 0, 0, 0, 0, 0, 0,
    0, 0, 0, 0, 0, 0, 0, 0,
    0, 0, 0, 0, 0, 0, 0, 0,
    0, 0, 0, 0, 0, 0, 0, 0,
    0, 0, 0
};

/*Map glyph_ids to kern right classes*/
static const uint8_t kern_right_class_mapping[] =
{
    0, 0, 1, 2, 0, 0, 0, 0,
    2, 0, 3, 4, 0, 5, 6, 7,
    8, 0, 0, 0, 0, 0, 0, 0,
    0, 0, 0, 9, 10, 0, 0, 0,
    11, 0, 12, 0, 13, 0, 0, 0,
    13, 0, 0, 14, 0, 0, 0, 0,
    13, 0, 13, 0, 15, 16, 17, 18,
    19, 20, 21, 22, 0, 23, 3, 0,
    0, 0, 24, 0, 25, 25, 25, 26,
    27, 0, 28, 29, 0, 0, 30, 30,
    25, 30, 25, 30, 31, 32, 33, 34,
    35, 36, 37, 38, 0, 0, 3, 0,
    0, 0, 0, 0, 0, 0, 0, 0,
    0, 0, 0, 0, 0, 0, 0, 0,
    0, 0, 0, 0, 0, 0, 0, 0,
    0, 0, 0, 0, 0, 0, 0, 0,
    0, 0, 0, 0, 0, 0, 0, 0,
    0, 0, 0, 0, 0, 0, 0, 0,
    0, 0, 0, 0, 0, 0, 0, 0,
    0, 0, 0, 0, 0, 0, 0, 0,
    0, 0, 0, 0, 0, 0, 0, 0,
    0, 0, 0, 0, 0, 0, 0, 0,
    0, 0, 0, 0, 0, 0, 0, 0,
    0, 0, 0, 0, 0, 0, 0, 0,
    0, 0, 0, 0, 0, 0, 0, 0,
    0, 0, 0
};

/*Kern values between classes*/
static const int8_t kern_class_values[] =
{
    0, 0, 0, 0, -32, 0, -32, 0,
    0, 0, 0, -15, 0, -26, -3, 0,
    0, 0, 0, -3, 0, 0, 0, 0,
    -9, 0, 0, 0, 0, 0, -6, 0,
    0, 0, 0, 0, 0, 0, 0, 0,
    0, 0, 0, 0, 0, 0, 0, 0,
    0, 0, 0, -6, 0, 0, 0, 0,
    0, 0, 0, 0, 0, 0, 0, 0,
    0, 0, 23, 0, 0, 0, 0, 0,
    0, 0, 0, 0, 0, -26, 0, -38,
    0, 0, 0, 0, 0, 0, 0, 0,
    0, 0, 0, -28, -5, -18, -9, 0,
    -26, 0, 0, 0, -3, 0, 0, 0,
    7, 0, 0, -12, 0, -9, -6, 0,
    -6, 0, 0, 0, 0, 0, 0, 0,
    0, 0, 0, 0, 0, 0, 0, -6,
    -5, -13, 0, -5, -3, -7, -18, -6,
    0, 0, 0, 0, 0, 0, 0, 0,
    0, -8, 0, -2, 0, -4, 0, 0,
    0, 0, 0, 0, 0, 0, 0, 0,
    0, 0, 0, -12, -3, -23, 0, 0,
    0, 0, 0, 0, 0, 0, 0, -7,
    -9, 0, -3, 8, 8, 0, 0, 3,
    -6, 0, 0, 0, 0, 0, 0, 0,
    0, -15, 0, 0, 0, 0, 0, 0,
    0, 0, 0, 0, 0, 0, 0, 0,
    0, 0, -7, 0, 0, 0, 0, 0,
    0, 0, 1, 0, 0, 0, 0, 0,
    0, 0, 0, 0, 0, -15, 0, -27,
    0, 0, 0, 0, 0, 0, -7, -2,
    -3, 0, 0, -15, -5, -4, 0, 2,
    -4, -2, -12, 7, 0, -3, 0, 0,
    0, 0, 7, -4, -2, -2, -1, -1,
    -2, 0, 0, 0, 0, -9, 0, 0,
    0, 0, 0, 0, 0, 0, 0, -4,
    -4, -7, 0, -1, -1, -1, -4, -1,
    0, 0, 0, 0, 0, 0, 0, 0,
    0, -3, 0, -4, -3, -3, -4, 0,
    0, 0, 0, 0, 0, -7, 0, 0,
    0, 0, 0, 0, -8, -3, -7, -5,
    -4, -1, -1, -1, -2, -3, 0, 0,
    0, 0, -6, 0, 0, 0, 0, -7,
    -3, -4, -3, 0, -4, 0, 0, 0,
    0, -10, 0, 0, 0, -5, 0, 0,
    0, -3, 0, -11, 0, -7, 0, -3,
    -2, -5, -6, -6, 0, 0, 0, 0,
    0, 0, 0, 0, 0, 0, 0, 0,
    0, -4, 0, -2, 0, 0, 0, 0,
    0, 0, 0, 0, 0, 0, 0, 0,
    0, 0, 0, 0, 0, 0, 0, 0,
    0, 0, 0, 0, -3, 0, 0, 0,
    0, 0, 0, -7, 0, -3, 0, -8,
    -3, 0, 0, 0, 0, 0, -20, 0,
    -20, -21, 0, 0, 0, -11, -3, -40,
    -5, 0, 0, 2, 2, -7, 1, -9,
    0, -9, -4, 0, -7, 0, 0, -6,
    -5, -3, -4, -5, -4, -7, -4, -7,
    0, 0, 0, -8, 0, 0, 0, 0,
    0, 0, 0, -1, 0, 0, 0, -6,
    0, -4, -1, 0, 0, 0, 0, 0,
    0, 0, 0, 0, 0, 0, 0, 0,
    0, 0, 0, 0, 0, 0, 0, 0,
    0, 0, -7, 0, -7, 0, 0, 0,
    0, 0, 0, -12, 0, 0, 0, 0,
    0, 0, 0, 0, 0, 0, 0, 0,
    0, 0, 0, 0, 0, 0, 0, 0,
    0, 0, 0, 0, 0, -5, 0, -12,
    0, -7, 0, 0, 0, 0, -2, -3,
    -5, 0, -2, -5, -4, -3, -3, 0,
    -4, 0, 0, 0, -2, 0, 0, 0,
    -3, 0, 0, -9, -4, -5, -4, -4,
    -5, -4, 0, -23, 0, -43, 0, -16,
    0, 0, 0, 0, -8, 1, -7, 0,
    -6, -34, -8, -22, -16, 0, -21, 0,
    -23, 0, -3, -4, -1, 0, 0, 0,
    0, -5, -3, -9, -9, 0, -9, 0,
    0, 0, 0, 0, -31, -10, -31, -23,
    0, 0, 0, -14, 0, -42, -3, -7,
    0, 0, 0, -7, -3, -23, 0, -13,
    -7, 0, -9, 0, 0, 0, -3, 0,
    0, 0, 0, -4, 0, -6, 0, 0,
    0, -3, 0, -9, 0, 0, 0, 0,
    0, -1, 0, -5, -4, -4, 0, 2,
    2, -1, 0, -3, 0, -1, -3, 0,
    -1, 0, 0, 0, 0, 0, 0, 0,
    0, -2, 0, -2, 0, 0, 0, -5,
    0, 4, 0, 0, 0, 0, 0, 0,
    0, -4, -4, -6, 0, 0, 0, 0,
    -4, 0, 0, 0, 0, 0, 0, 0,
    0, 0, 0, -7, 0, 0, 0, 0,
    0, 0, 0, 0, 0, 0, -30, -21,
    -30, -26, -6, -6, 0, -12, -7, -36,
    -12, 0, 0, 0, 0, -6, -4, -16,
    0, -21, -18, -5, -21, 0, 0, -13,
    -17, -5, -13, -10, -10, -12, -10, -22,
    0, 0, 0, 0, -4, 0, -4, -9,
    0, 0, 0, -5, 0, -13, -3, 0,
    0, -1, 0, -3, -4, 0, 0, -1,
    0, 0, -3, 0, 0, 0, -1, 0,
    0, 0, 0, -2, 0, 0, 0, 0,
    0, 0, -18, -5, -18, -14, 0, 0,
    0, -4, -3, -21, -3, 0, -3, 3,
    0, 0, 0, -5, 0, -6, -4, 0,
    -6, 0, 0, -6, -3, 0, -9, -3,
    -3, -4, -3, -7, 0, 0, 0, 0,
    -9, -3, -9, -9, 0, 0, 0, 0,
    -2, -19, -2, 0, 0, 0, 0, 0,
    0, -2, 0, -5, 0, 0, -4, 0,
    0, 0, 0, 0, 0, 0, 0, 0,
    0, -3, 0, -3, 0, -3, 0, -7,
    0, 0, 0, 0, 0, 1, -5, 0,
    -4, -6, -3, 0, 0, 0, 0, 0,
    0, -3, -2, -4, 0, 0, 0, 0,
    0, -4, -3, -4, -4, -3, -4, -4,
    0, 0, 0, 0, -25, -18, -25, -20,
    -7, -7, -2, -4, -4, -28, -4, -4,
    -3, 0, 0, 0, 0, -8, 0, -19,
    -11, 0, -17, 0, 0, -12, -11, -7,
    -9, -4, -7, -9, -4, -13, 0, 0,
    0, 0, 0, -10, 0, 0, 0, 0,
    0, -2, -6, -10, -9, 0, -3, -2,
    -2, 0, -4, -5, 0, -5, -6, -6,
    -4, 0, 0, 0, 0, -4, -7, -5,
    -5, -7, -5, 0, 0, 0, 0, 0,
    0, 0, 0, 0, 0, 0, 0, 0,
    0, 0, 0, -25, -9, -15, -9, 0,
    -21, 0, 0, 0, 0, 0, 10, 0,
    21, 0, 0, 0, 0, -6, -3, 0,
    4, 0, 0, 0, 0, -16, 0, 0,
    0, 0, 0, 0, -3, 0, 0, 0,
    0, -7, 0, -4, -1, 0, -7, 0,
    0, 0, 0, 0, 0, 0, 0, 0,
    0, -4, 0, 0, 0, 0, 0, 0,
    0, -9, 0, -8, -3, 2, -3, 0,
    0, 0, -3, 0, 0, 0, 0, -16,
    0, -5, 0, -1, -13, 0, -7, -4,
    0, 0, 0, 0, 0, 0, 0, -5,
    0, -1, -1, -5, -1, -1, 0, 0,
    0, 0, 0, -5, 0, 0, 0, 0,
    0, 0, 0, 0, 0, -6, 0, -4,
    0, 0, -7, 0, 0, -3, -6, 0,
    -3, 0, 0, 0, 0, -3, 0, 2,
    2, 3, 2, 0, 0, 0, 0, -10,
    0, 3, 0, 0, 0, 0, -2, 0,
    0, -6, -6, -7, 0, -4, -3, 0,
    -7, 0, -5, -4, 0, 0, -3, 0,
    0, 0, 0, -3, 0, 2, 2, -2,
    2, 0, 4, 12, 15, 0, -14, -4,
    -14, -4, 0, 0, 8, 0, 0, 0,
    0, 13, 0, 19, 13, 10, 17, 0,
    19, -6, -3, 0, -4, 0, -3, 0,
    -1, 0, 0, 4, 0, -1, 0, -4,
    0, 0, 4, -10, 0, 0, 0, 14,
    0, 0, -10, 0, 0, 0, 0, -7,
    0, 0, 0, 0, -4, 0, 0, -4,
    -4, 0, 0, 0, 10, 0, 0, 0,
    0, -1, -1, 0, 5, -4, 0, 0,
    0, -10, 0, 0, 0, 0, 0, 0,
    -2, 0, 0, 0, 0, -7, 0, -3,
    0, 0, -4, 0, 0, 0, 0, 0,
    0, 0, 0, 0, 0, 0, 0, 0,
    0, 0, 0, 0, 0, 0, 0, -6,
    4, -11, 4, 0, 4, 4, -3, 0,
    0, 0, 0, -9, 0, 0, 0, 0,
    -3, 0, 0, -3, -5, 0, -3, 0,
    -3, 0, 0, -5, -4, 0, 0, -2,
    0, -2, 0, 0, 0, 0, 0, 0,
    0, 0, 0, 0, 0, 0, 0, 0,
    0, 0, 0, 0, 0, 0, 0, 0,
    0, 0, 0, 0, 0, 0, 2, 0,
    0, 0, 0, 0, 0, 0, 0, 0,
    0, 0, 0, -7, 0, 0, 0, 0,
    0, 0, 0, 0, 0, 0, 0, -6,
    0, -4, 0, 0, -9, 0, 0, 0,
    0, 0, 0, 0, 0, 0, 0, 0,
    0, 0, 0, 0, 0, 0, 0, 0,
    0, 0, -15, -7, -15, -10, 8, 8,
    0, -4, 0, -15, 0, 0, 0, 0,
    0, 0, 0, -3, 4, -7, -3, 0,
    -3, 0, 0, 0, -1, 0, 0, 8,
    6, 0, 8, -1, 0, 0, 0, -15,
    0, 3, 0, 0, 0, 0, -3, 0,
    0, 0, 0, -7, 0, -3, 0, 0,
    -6, 0, 0, 0, 0, 0, 0, 0,
    0, 0, 0, -6, 0, 0, 0, 0,
    0, 0, 0, 0, 0, 0, 3, -7,
    3, 3, 4, 4, -7, 0, 0, 0,
    0, -4, 0, 0, 0, 0, -1, 0,
    0, -6, -4, 0, -3, 0, 0, 0,
    -3, -6, 0, 0, 0, -5, 0, 0,
    0, 0, 0, -3, -9, -2, -9, -6,
    0, 0, 0, -3, 0, -12, 0, -6,
    0, -3, 0, 0, -4, -3, 0, -6,
    -1, 0, 0, 0, -3, 0, 0, 0,
    0, 0, 0, 0, 0, -7, 0, 0,
    0, -3, -10, 0, -10, -2, 0, 0,
    0, -1, 0, -9, 0, -7, 0, -3,
    0, -4, -7, 0, 0, -3, -1, 0,
    0, 0, -3, 0, 0, 0, 0, 0,
    0, 0, 0, -5, -4, 0, 0, -6,
    2, -4, -2, 0, 0, 2, 0, 0,
    -3, 0, -1, -10, 0, -4, 0, -3,
    -9, 0, 0, -3, -5, 0, 0, 0,
    0, 0, 0, -7, 0, 0, 0, 0,
    0, 0, 0, 0, 0, 0, -9, 0,
    -9, -4, 0, 0, 0, 0, 0, -12,
    0, -6, 0, -1, 0, -1, -2, 0,
    0, -6, -1, 0, 0, 0, -3, 0,
    0, 0, 0, 0, 0, -4, 0, -7,
    0, 0, 0, 0, 0, -4, 0, 0,
    0, 0, 0, 0, 0, 0, 0, -8,
    0, 0, 0, 0, -9, 0, 0, -7,
    -3, 0, -2, 0, 0, 0, 0, 0,
    -3, -1, 0, 0, -1, 0
};


/*Collect the kern class' data in one place*/
static const lv_font_fmt_txt_kern_classes_t kern_classes =
{
    .class_pair_values   = kern_class_values,
    .left_class_mapping  = kern_left_class_mapping,
    .right_class_mapping = kern_right_class_mapping,
    .left_class_cnt      = 45,
    .right_class_cnt     = 38,
};

/*--------------------
 *  ALL CUSTOM DATA
 *--------------------*/

#if LVGL_VERSION_MAJOR == 8
/*Store all the custom data of the font*/
static  lv_font_fmt_txt_glyph_cache_t cache;
#endif

#if LVGL_VERSION_MAJOR >= 8
static const lv_font_fmt_txt_dsc_t font_dsc = {
#else
static lv_font_fmt_txt_dsc_t font_dsc = {
#endif
    .glyph_bitmap = glyph_bitmap,
    .glyph_dsc = glyph_dsc,
    .cmaps = cmaps,
    .kern_dsc = &kern_classes,
    .kern_scale = 16,
    .cmap_num = 2,
    .bpp = 4,
    .kern_classes = 1,
    .bitmap_format = 1,
#if LVGL_VERSION_MAJOR == 8
    .cache = &cache
#endif
};



/*-----------------
 *  PUBLIC FONT
 *----------------*/

/*Initialize a public general font descriptor*/
#if LVGL_VERSION_MAJOR >= 8
const lv_font_t lv_font_ui_16 = {
#else
lv_font_t lv_font_ui_16 = {
#endif
    .get_glyph_dsc = lv_font_get_glyph_dsc_fmt_txt,    /*Function pointer to get glyph's data*/
    .get_glyph_bitmap = lv_font_get_bitmap_fmt_txt,    /*Function pointer to get glyph's bitmap*/
    .line_height = 20,          /*The maximum line height required by the font*/
    .base_line = 5,             /*Baseline measured from the bottom of the line*/
#if !(LVGL_VERSION_MAJOR == 6 && LVGL_VERSION_MINOR == 0)
    .subpx = LV_FONT_SUBPX_NONE,
#endif
#if LV_VERSION_CHECK(7, 4, 0) || LVGL_VERSION_MAJOR >= 8
    .underline_position = -2,
    .underline_thickness = 1,
#endif
    .dsc = &font_dsc,          /*The custom font data. Will be accessed by `get_glyph_bitmap/dsc` */
#if LV_VERSION_CHECK(8, 2, 0) || LVGL_VERSION_MAJOR >= 9
    .fallback = NULL,
#endif
    .user_data = NULL,
};



#endif /*#if LV_FONT_UI_16*/
